"x1","x2","x3","x4","x5","x6","x7","x8","x9","x10","x11","x12","x13","x14","x15","x16"
1.9834408965828998,4.585350211867362,4.57152448627463,4.509445326650875,4.99800278290278,4.742815270696015,2.4706811287417683,4.35427520409306,5.235155029135026,1.7582408687537443,4.3169961504433605,4.973244564873299,4.518481762630643,6.954922726188958,5.1989744702757195,5.328946849294823
5.882735698705467,5.265556624946321,5.120121819355159,4.417258361630304,4.889230919431975,4.409270511482893,5.237541843064874,4.6511684464942995,4.51187240653727,5.923729249719092,4.433236540846577,5.073147522827429,4.628965431160557,4.340215240037385,4.947654905595911,5.3954402519888625
3.287295632783539,3.0468739500591386,5.15909029656787,4.2991830756930565,5.085927718840923,5.139210219868805,2.7352773010276925,4.35885700958736,4.591534586734057,4.357547596959233,5.265345810519851,5.262320368438444,4.595155385304664,2.961233545726302,5.133373872535687,5.721427361839973
5.8454547266238315,7.273300612126188,4.784245030904815,4.6364387832086,4.609571188446232,4.820398450118561,5.133826706339908,4.507924067531319,4.618168961464584,5.63244069300085,5.273395571084392,4.550357506985776,4.290357700359157,4.5120560030544965,5.0511027368780415,5.707363045826099
2.8710927012557974,5.264723940389888,5.022716289568561,5.2800926916774955,4.879236733026844,5.040468857427124,4.373110593912241,4.74798979761653,4.4507324687563905,4.844661752879776,4.855931782548925,4.995155435907226,4.771061247048097,6.457064060247115,5.13707735629428,5.9240931522383935
3.0495334268724323,3.966690787681862,4.898709567840609,4.986702163369493,4.520167920490858,5.144278985065051,5.745293665409133,4.496617063124131,5.071716817997544,5.178813782969577,4.503810157442082,4.5739405186438,4.493416619127132,3.369096605162572,4.38845592617276,5.373293372627399
5.453362050479107,4.752332811700072,4.6777303219182835,5.007082933284686,4.698754903116441,5.177450731005997,5.0250452049163306,4.879655952944692,4.892345632936414,6.284191916837973,5.127092414175447,4.302328870677137,5.2343647568043306,6.172608029341587,4.288766434932852,5.915374308636239
1.363227418833365,3.3894997671704368,4.646922503256665,4.7106552206198975,4.632864122268234,5.05831820653676,2.956289493846241,5.153269088489751,4.32993095317134,2.4445793696287104,5.162572648985613,4.653625624086121,5.28235307586721,3.189725009022553,4.324992682718879,5.80650418332928
7.416598802944382,3.9545253616286593,5.0283868009246975,4.702843386197341,4.867126178058335,4.584505226085791,4.707835676477672,4.656330866169559,4.47490281234384,4.415208813402821,4.946117758288374,4.832942101439952,4.534110600000568,6.123255164434002,4.618106693024491,5.73472715551379
3.9362048206663003,5.233115578246827,5.206014124997154,4.441512254571238,5.236187395905739,4.3829216965553925,3.5580979242215793,4.9731989532416,4.3395846852189885,2.367468992001707,4.74338303097093,5.075995815529411,5.269114783867396,2.533980330967735,4.4200078996532435,5.582178435137475
7.177952970842105,5.948959933994084,4.422460873869035,4.462025178466577,4.4670537807672925,4.761840599368682,6.538304488022298,5.052089697616507,4.405720316058991,3.9126524130326614,5.122182059813034,4.907340382186425,4.8381995042931685,5.990582727704279,5.2086744197144474,5.734735806228617
5.748028718414486,6.80286504365692,4.29410343000364,4.840085808350228,4.424913860971316,5.073174850851933,5.407324366132537,4.533802732958108,4.785730288165969,4.934285060126352,5.1794346112091665,4.649962856788563,4.719556391578221,6.678220381980751,4.8227722842871525,5.902163328358839
2.851434784705348,2.015697570123988,5.2590806229286144,5.081309109403215,4.884128344478993,5.209899536004967,1.6003614563731223,4.791591939556328,4.685531734567302,3.620013857820322,4.3238116212968425,4.588944036801849,4.707166267463728,3.0903317933830152,5.066445223264799,5.614172484159817
4.213951147034267,3.204176048429112,4.667340201813977,4.878547766174248,5.0095186718057665,4.46354661671192,3.9458477050377563,4.647044510607155,4.829250622316039,2.2534996617840117,4.931975850831158,4.953333454101641,5.055671465425974,4.287187552544622,4.958143507276342,5.839112285371391
5.317352780711816,4.431586420686709,5.2666464574684255,4.5019642873240615,5.014169920394813,5.014220816994995,4.598647871090479,4.974336056312063,5.277086530977631,6.481653359701886,4.54834731381073,5.015167769287558,4.563638649254326,4.912179997906471,4.364131381533014,5.3612028892806505
6.491417072873538,5.097450913259459,4.485809962719845,4.525617886394252,4.635220572136678,4.871496009756805,4.9529499087936655,4.937270602468009,4.717373985482785,5.337873170127301,4.286943822646231,4.60470230232042,4.491920790166667,4.673020409591281,5.045939579383678,5.147529955681011
4.685529586259101,4.443232561530862,4.61191105495158,4.531276612232092,5.035692613265481,5.179261443771985,4.84832355339664,4.7209251926512295,4.684129046587753,2.9792213338965907,4.395431757424499,4.911967006973505,4.5338276267608215,5.385735603339447,5.064564731764952,5.27010187807887
5.2288817736363065,3.7165519455949263,4.717490262307132,4.488921639356948,4.625971990659703,4.777072602288714,3.9169427379429567,5.0057443167200315,5.010561369249498,5.46075051168961,4.452817710786835,4.911711308293891,4.302823285681264,4.474519860143492,4.574203297012969,5.4567351019579275
5.2894672229956265,5.003826677399923,4.5044926460958425,4.487317801741567,5.132737901050951,4.37543223104239,4.467955285233736,4.726241781206067,4.4673532164241605,2.6018406474924833,4.445755637441495,4.526048031127493,4.570149929244286,2.4971389660933814,4.328608368426373,5.263450883003149
5.094272440270824,4.061448401076133,4.518680372425047,4.912573801654009,4.5336591916567315,4.644718479547976,3.4395548948148886,4.562303468990937,4.475403533358956,2.39528529523994,4.957308901081063,4.644706766711419,5.141960553056257,2.7450879330455,4.664810245774618,5.776297315579792
3.1528661565922875,5.00028583675692,4.895142710434648,4.4813984332652685,4.502133272082576,5.098158616399594,2.470531025423316,4.681714939878097,4.566635001107155,4.790081385806852,4.863925893917329,4.653241542664608,4.359399303849806,3.7288388724475943,5.047651125637769,5.546944046816406
6.597340821589176,5.154414578986026,5.083685560485643,4.406686144694267,5.095533837605674,4.802933386980711,4.741699763344908,4.96736509652972,4.5152881672110565,4.455299491476151,5.048683869634537,5.146242612247868,4.922844662958535,5.596640890724138,5.043611363096363,5.6800487901014955
3.351571152633356,3.839423057782609,4.640892484719992,4.379623440574978,4.639665657510225,4.575240477175361,1.4641515072231734,4.5277958524248145,5.152171150927186,1.8982179964877872,5.015797939042994,4.352603587359556,5.155992547239282,3.287591056715188,4.533301464565942,5.736058516336874
4.639569113664962,5.025694609302301,4.393246483286297,4.873713416486739,4.627141477306999,4.597183262209186,2.696775242175496,4.393010876341889,5.055886029256606,2.8237468727026127,4.685934868922479,4.428313687367306,4.561030836997375,1.3829882892346061,5.174760804666004,5.576894990920993
4.770863715678829,3.7863044819150864,5.062732098537734,5.272560473885709,4.722119619990095,4.849995674902003,3.681319260039109,5.20386776248835,4.656784473234277,5.029423014061027,4.902317434232877,4.698101029894615,5.033761049754766,3.462841614636846,4.664355718832362,5.697010037736348
6.353646829704697,4.4238178824126875,5.139990097827598,4.939161957036772,5.174624434659603,4.677262113990071,4.5006562402481345,5.090417433122955,5.189211381345057,4.905074528067725,5.060220173330619,4.556949704133326,4.927331770910689,5.7129490963887,5.055066813395356,5.802419425605791
5.597228518431759,5.537779817621237,5.260816844694214,5.114185000127515,4.956053390509128,4.820717960895793,4.088141467568016,4.835039655243159,4.976237555667658,4.754686878118654,5.2258044775965535,4.60060214423785,4.360274860928631,2.2743955619265765,4.974462394816271,6.019688275640382
3.034646762127237,2.083532067372859,5.094463459593124,4.618165679827921,4.405943046120349,4.339900926844969,5.091701983296384,5.008694263087007,5.049973730394229,3.588049697215488,4.788624573390783,4.383682238279166,5.130633897968629,4.037670799393227,5.134143169532193,5.578337184432892
4.976942911625062,4.343292287939863,5.0904619364605255,4.417806386313911,4.998444672721769,4.495163194420323,3.520013795590493,4.924277608594105,4.294354833483791,2.053110473977646,5.043336894869016,4.289074474122105,4.368083585173088,4.419502641919446,5.128513436176354,5.476658194460556
4.174873957415503,6.944125000302004,4.338578113117382,4.411646737749683,4.630678236403583,4.453058561737878,5.013396488789394,5.049816182091101,4.292566179490045,5.749780968411084,4.42999116496866,4.367076559578266,4.835653962426654,4.220539753054581,4.658975794694214,5.145558906219181
4.861507505156533,4.5365314254412175,4.396328301756196,4.911281076681094,5.2691589671313075,4.457017501548439,3.270457735889994,4.390219067812623,5.087884547256615,2.755136972461402,4.778136621527655,4.561151417983583,4.745798662892195,3.3239797472068315,4.5258942209405415,5.6706264269182185
3.566260206492096,5.876404239813086,4.646709848150566,4.4010243269425295,4.500619469759208,4.5652782618276335,2.33940193283893,4.623462057039992,4.889753673758033,5.087049229147718,4.538094666539049,4.836151107602748,4.46826972694125,5.4684313910502755,5.150029292444915,5.372377373692681
5.362269896166292,6.525366163736045,5.275399933487586,5.173223573337542,4.8240075728282426,4.745383170258617,5.429517528390273,5.088617786461873,4.522864326257654,2.8406749515923986,5.257791776489056,4.367080216894876,4.3944292939267635,6.080762265124588,4.301551480989724,5.925891360855316
5.466032623887971,4.393453036858919,4.49818158501018,5.05486941707602,4.620021269454876,4.41812648327953,5.055677656462337,5.00731145091817,4.515946278561939,1.2690218214482045,4.962582134777588,4.877841881377368,5.258760298587955,1.5647219958533043,4.4341226935823554,5.879379483785034
4.16332187474542,3.144027921883494,4.519963544334287,5.064234123969811,4.408992011587943,5.12295622610551,2.9968020865819827,4.384085613853815,4.791234549794698,2.1333460516326626,5.067232049801437,5.130833713059024,4.334063037642923,2.10060767837368,4.751188924786261,6.016984981020852
3.9271247259963147,4.877975585207035,4.345992431595418,4.40252384724034,5.0873988919484185,4.422980083447641,4.154600706364561,4.787543715148803,4.46322711174788,4.7866698006340265,5.041866380602652,4.811424799216994,4.820477998175079,4.611089211097601,5.034266774693609,5.735830497424986
3.7452733873796267,5.3300997193679205,4.3720062988329556,4.687179294513204,4.386823266330213,4.494840546737239,5.505514204660537,5.00583604423956,5.142155336661259,2.8607531803497177,4.5589622737554905,4.728232933427487,4.7381404685961,5.051291878830755,4.889791061671593,5.468742852440927
4.3476192335451005,5.429762295420149,4.981003406529727,5.040359688132476,5.089145749167194,4.792938267593061,6.484067305300835,4.3730204407196,4.638630158273614,5.641193457984127,4.393843785723605,4.66932950343926,4.561843527641157,7.317225472786395,4.326119205318083,5.5435589753917744
2.906947359708461,3.799401814496592,4.831022802704073,4.957007200936399,4.409209921727497,4.968657551284444,3.532984915342818,5.055399395678162,4.495732673355103,5.376113932138277,4.671026693458411,5.187523879235074,4.460694520510282,3.160499469143841,5.137042643062712,5.839135066641647
4.4016279987388565,6.151224305335635,4.75429652271282,5.208755566284855,4.718091446581847,4.945650218442349,4.953041891863095,4.708381219241666,4.412452883057093,6.0443114011902335,4.878962608585259,4.870272164395157,4.831431288931124,5.88039438242873,4.440834586459564,6.107791424141738
6.398424293532509,6.198389841038869,5.177758785413451,4.308377752803011,5.01164526731693,5.072830108891643,5.990001960381363,4.300181712234812,5.178358226812964,6.74225484842383,5.21129491599517,4.935428436777128,4.653419079830065,6.202940737810291,4.406932007626904,5.616401849966711
4.210812633334078,2.8797447944238743,4.519098865637382,4.8162599316553685,4.544843948097357,4.63063465521149,4.702389231916783,4.893524575753548,5.272767328829061,3.5016091173510557,4.597416112735815,4.328634283342298,5.176614336234356,3.341377446561312,4.788844855728885,5.452552551671397
4.805765617092835,4.984769072408188,4.455101251319004,5.006670196984893,4.953411260645559,5.13528914837274,3.4789601492764115,5.170424494343614,4.552669099878798,4.57445516793875,4.3366055618272235,5.255285500067511,4.930502165191785,5.213416544597999,5.191291844032588,5.5488541132666676
3.1978015038979266,4.338561231396101,5.1334873181910305,4.610911486477248,5.1209528099470205,4.757823931791611,3.4428973797261144,4.422540524515453,4.693394231560591,2.5569221504083828,4.334558101544609,4.724534239839528,4.699487770852702,7.07969186220863,4.979433777427416,5.4131631248753385
5.887582146797778,7.617010169717298,4.460577472777856,4.38637971684965,4.48558079465931,4.937315628084885,7.277929750965919,4.64120402002218,4.312225063257084,8.356044041309152,5.031960184820374,4.66117469774896,4.427013959382202,7.009944776866368,5.106374424027979,5.476600488028042
4.205229974285208,4.832485354242392,4.344566054241631,5.266463684125434,5.278016565394559,4.927180479899306,4.311940459055766,4.360637967272284,4.408890118146182,5.171884420565247,4.970983684251523,4.747531480585632,4.904851599789277,3.865869439441,5.177708607013162,5.829597519649194
3.516651456840479,5.007071569183898,4.638085714569549,4.773830289692499,4.520877279709713,4.287092434032268,4.5324213758631835,5.138177532453344,4.65393885696181,5.8499351998624896,4.665093666536567,4.557334489849596,5.154782852342794,5.28627431238692,4.931728042533129,5.574104058972812
5.179598219542507,5.05799828055283,4.977321812843291,5.214250739285269,4.323266099775468,4.733967652696135,5.681644871357408,5.014526018327914,4.3861390821912245,3.2708419836375517,4.390173587950029,4.858178934503624,4.807423073585376,5.77503003550354,4.755778785098291,5.581979856786303
2.402640575119501,2.978455534008656,4.387045344329776,5.044111688618256,4.897826849679015,4.683416738588457,0.5526610804753846,5.002424618016578,4.3970456892112,3.554492787929195,5.2186214485742735,5.154022649378835,4.524039025239892,2.9448967299096784,5.153852876308071,6.1498978500150985
5.074867940395362,5.330050751342359,4.354867063629413,4.38333635809471,5.022677077128482,5.090707084938678,3.816525722744662,4.890738905604475,4.571966999883515,5.149180350053699,5.241164931066913,4.637935151791176,5.167285342542009,4.258747211391316,4.6256310706749675,5.670718441360001
2.007287231818442,2.7358221587657634,5.085756599672659,4.8308440278563545,4.5755192553448065,4.425190324725963,3.499856915617625,4.733000561814592,5.027183719984999,3.0197039104015864,5.246653498529286,4.502890119989656,4.7233458403417075,3.9305476954016965,4.368826054119751,5.827495147754475
3.554119453033778,2.6309965471366756,4.712752337819013,4.9083263766678,5.097979982602494,4.605864162679414,2.8189352500812883,4.873300375146603,4.440004812957856,3.553098005384241,4.627867817401084,4.8291513108933595,4.687121055667616,3.3730083534498396,4.70874802679153,5.637887051374988
1.7289045024375325,1.7563070700849637,5.156346179497884,4.614553674305741,4.82609780709271,4.896630634512623,3.0402453788974344,4.485774703972203,4.900770796326439,0.622842996935193,4.89306245475564,4.953789390131491,5.019235218878956,1.5350097145042776,5.151213916078109,5.8313500995458325
3.8815164749411784,5.136228807073224,4.488008549826173,5.124094309045514,4.476613432667779,4.5280788107417775,5.218965290599091,4.634647807113514,4.855237435007887,3.6962795352188826,4.473220417667124,4.726912804070935,5.236251840119454,3.969981419786217,4.386401388485172,5.6441887363255105
4.163393958141182,6.415783817799914,4.472033288415107,5.093774094478134,4.787419301974013,4.433969776617107,6.83309014298492,4.30079032181086,5.194204307846813,5.014733185368477,4.778186646661727,4.472648065344805,4.377634009366059,7.776039462131555,4.422814596503845,5.781867943059386
4.920185665557867,6.006919855169437,5.193551410617667,4.6396194949301774,4.40427984110033,4.3099667431430415,6.2365205679516205,4.8690573660909555,5.246138403770374,5.017145866413236,4.908096297481439,4.300962004499998,4.802123748762327,4.863284546185874,4.4937837550323945,5.526305466174592
3.632743909721073,4.847121066768922,4.754272496806573,5.086576630252928,4.907558777158705,4.6490929045953155,3.7372505617551472,4.376370115168865,5.275413037477047,4.6469149771318,4.382462452084288,4.585919081000806,4.29598874954604,2.2602443433759465,4.839934049193605,5.388622695126202
5.7071630019751565,4.790203625184975,4.57576346706345,5.171172453846057,4.630395055926353,4.625470103239921,3.050526273240773,5.254007430806381,4.42967327836244,2.2737493882312907,4.635277136892629,4.646802901842999,4.585847229174245,3.1312539849364702,4.6504085429985285,5.72446573397458
3.6480118549444875,4.424138931551358,4.33587742687869,4.375536349046914,4.591725442828482,4.397392881994968,4.377926742297741,5.154673027107647,4.668587947992389,3.885598144931306,5.13321091560012,5.183245350696524,4.985005552484054,4.617008118764028,4.512493938654387,5.849605290022106
3.670117843853824,5.120211024795002,5.055199095242531,4.868858445078033,4.3418675800587465,4.421366135433206,4.165432286323859,5.009737362612553,5.0032304542491115,3.571077492088906,4.575967995300349,4.709861093382915,4.8789854238513435,3.6399289025482813,4.33953403034832,5.509957441069454
4.3426815499732445,3.4337426378704006,5.224901205100428,4.833149859300061,5.224256683909797,5.101495747978161,7.062126169237679,5.197064521948889,4.665158866380025,6.252060734498871,4.841909495458666,4.371805856656869,4.921383256662217,6.645492184051358,5.092452742091879,5.591133048973258
5.159807863051321,4.879215995137,4.906301912488829,4.781126238597708,4.373729828901997,4.446238808156862,4.702212636991045,4.421153426716514,4.774519215743202,3.8370170541208535,5.035334985421563,4.969074126833252,5.154795865482921,4.032914945180976,4.985139525615736,5.741052334678191
7.40889210469053,5.812005718763578,5.0671239613586305,4.387760102006169,4.67330254996228,4.606527907097773,4.076272969002324,4.747732036157281,5.160250985417504,5.434141002654591,4.510481675927401,4.963532759203984,4.831083562488527,5.893866058184018,4.585992642511087,5.351039683172455
3.6391440070261365,5.273962307077671,4.509445352546833,4.909938384197696,4.728340049311122,4.920079589953493,3.3242272862619333,5.155938017013062,5.077120788597291,3.9810211769610846,4.727340660611058,5.264489405441426,4.545440449306161,3.3786257051533286,4.933107079779186,5.73534679163189
2.9292965636088684,2.7951368748413907,4.433285647293619,4.826923766071702,4.501845245183005,5.12883458920885,1.6879397098226452,4.907693813794177,5.2784419565452,3.7749945255966377,4.5955887498540635,5.177604872037693,4.808891768627612,3.102612447445286,5.077583906400756,5.521746373827174
4.304475981084828,5.899753151817775,5.261994316908253,5.261646895371999,4.684283011418155,4.815176699748539,3.594966488558179,4.696707958985749,5.2575788525730545,4.107450974733849,5.018389341607416,4.866253820007248,4.747467735597312,5.788536359861206,5.245853448620714,5.986346436413366
3.3716103243726496,2.5325654194388147,4.821101904946223,4.531159398118863,4.417074616941609,4.3942529350943555,1.8185703839185692,4.351445997847284,5.191254544749956,3.1272015051585944,4.328271326832841,5.080689269595893,4.557967752298532,0.9113238614985195,4.3803779383415975,5.421851192767296
4.819663036959581,4.23243621357415,4.814652107267465,4.529759100357081,4.450283617161437,5.154278585713761,4.741568767144228,5.108967077233785,4.643095342884593,4.225546620775698,4.431312915894781,4.743177438191898,4.744271008149047,4.393570869742561,4.597985282490951,5.205662909445203
4.748860556471547,2.5953903317181752,5.272999083262958,4.513219688187508,4.874861842860171,4.896237620248463,5.287600974343064,4.515295996122253,4.4069261173589185,3.0158191655327093,5.033504507260243,4.517979087549601,5.234309812559083,5.145144956799039,4.437510091407749,5.603397681304987
4.076700387349667,4.013811130962056,5.202206837792051,4.420530562711926,5.256478840958772,4.363354833827151,5.396610529386159,5.0832965584356,5.246213457516034,3.923528196830709,4.93938734865498,4.537668523763511,4.571185742275295,2.7513904781626066,4.894207288016503,5.515706133523095
4.191325900226647,5.703349029332356,4.703596666531165,4.96076175849843,4.80887199137763,4.765873814429913,5.75516312380071,4.29460043552392,4.905598448005138,1.7439469441919044,4.338415659001355,5.03448829449818,4.943680572477317,4.85802743823449,4.435935856360572,5.477185611462664
4.087276329449996,2.929400818972168,4.800294198321655,4.898021636496738,4.736234139329845,4.69148045981565,2.28997087519305,5.138100470119067,4.518203505842012,3.8807014677609994,4.94641509508034,4.907252259098803,4.477016223416521,1.748117237309848,5.144257987088885,5.865612467442787
2.7354776605226863,1.7116484614508463,4.2890180194788385,4.853916907505025,4.4559369766876245,4.528492733248161,2.9269175779301464,4.838986795697565,5.185494195497445,2.6420720985876978,5.260719462757454,4.481393888515779,4.67564191462502,0.9113309724687997,4.481230883565174,5.932464391504195
3.791243404268646,3.248169102083424,4.3339251166548145,4.796054903072148,5.245981899037449,4.829399332215748,4.4377537071030275,5.011374409158918,5.03419870332456,3.4586613762402387,5.043521700572846,5.132729707857271,5.273189072368993,4.1347575649240875,5.059476506760783,5.839288154720615
3.603815399641894,4.337665768811038,4.384992202416128,4.99955906115806,4.480216786517206,5.223977886049483,5.72099866116946,4.657824343944872,4.593911805191372,2.8611502347081212,4.78747475579182,5.1203516322750735,4.832782630926653,3.049089146414848,4.78791635237711,5.78392519815599
2.61100942507283,3.344342175948403,4.769394380314872,4.389532175415107,4.678071791021726,4.413699034383955,3.8001514831673426,4.328070419542376,4.363485244596217,3.7414009867180464,5.243461895315351,4.309246413363628,4.863230051621259,3.6841344792561603,4.5506688729319915,5.60718966713501
4.313726177134124,4.397881222995878,4.979246894013226,5.093123063870745,5.0615825108048655,4.723070399237303,3.3043050723113354,4.737230449007403,5.152837927910008,5.627550879964638,4.762451250210383,4.654433897557625,5.05080704479996,5.29655051211152,4.748042285607668,5.786162218566179
4.271975567516938,4.67614831823354,4.86991559401207,4.636325859231727,4.909053838246459,4.4786103893245475,4.853915774079537,4.851277354329027,5.264486320514564,5.0393496024316535,5.055760633320282,4.952036375588085,4.801973074210457,3.138669257842577,5.034638211420129,5.7073215193116
6.533832059196032,7.081996275351729,4.449535640454508,4.291822577557731,5.198869504566198,4.992717720526323,4.052007683319097,4.8040525504175235,4.783142945722849,3.9111662708129318,5.186021836747006,4.780920880644727,4.797311388074039,4.054995145477236,5.11599429585323,5.758792232604066
3.243731375922171,3.239819909764975,5.096812042346813,4.780880172492973,4.670386381419511,4.320449655982652,3.2158238371621164,4.546393408180115,4.772154674175962,2.980314118679248,5.120839102231647,4.862490217679291,5.280584474046534,1.5792245449345308,4.394776391259924,5.968282461284333
3.843962802558656,6.276328586970523,4.834605805397018,4.889627098449017,4.3441317316141905,4.859510369081755,5.120378663300906,4.979493721654025,5.023981780153057,5.249563964970595,5.029053991373709,4.348637663660149,4.886130105561685,5.200878136145205,4.283541131089429,5.878707225864823
5.511829837982868,2.4995582831171,5.256857610333933,4.716944026688579,4.709735859771199,4.8965701232870495,4.7370235357988495,4.55840060632558,5.2785385595111585,4.0928057839328025,5.02900082554254,5.271984483455962,5.041223214530406,3.250386715931245,4.651409571159405,5.9396987191760235
5.699748252185455,5.264111162488563,5.124255924268284,5.19930799874627,5.058913984648107,4.859646563629147,5.291077910223474,4.664993473803711,4.634007329823429,6.795646020555159,4.397622176481566,4.982663249740336,4.873401574881559,4.81253584157704,5.172163696482113,5.5171721769915285
3.807507593347096,3.858280390879812,5.1617710139224675,4.790520587409889,4.474306508777159,4.8013425119218,4.226184520584193,4.722755227433195,5.217960543057394,2.1665546244038283,5.167121608629803,5.114652706337051,5.0045340262213935,4.1570111322574865,4.406900478910573,5.887110194480974
1.3553023180667,5.021483584013769,5.180709745055836,4.32348803016824,4.938098351003459,4.974347768750417,2.8137305744807573,4.954450217862523,5.1898255900850545,1.85275936471725,4.956531045024056,5.1921967676810095,5.235655457619995,1.8482119487861715,4.9660841694398705,5.794303215465231
2.7482292461736897,4.0667697738000665,4.793569432365196,5.146656007571742,4.946515687205075,4.386024078884506,1.9987351385947405,5.039681208357528,4.451397539010693,2.9514397967744657,5.198400176829123,4.968422532681631,4.666859778820769,3.843168822792118,4.620100238593704,6.044328817370168
1.506967430240684,2.827284342909337,4.6348407897623725,4.800584272661213,4.518563110644747,5.056868250615965,3.00929192799155,5.1336048298624215,5.0201659976577755,3.616907979700209,4.551033982923709,4.474262474792067,4.602459586881343,2.8438016256061327,5.196035086198112,5.223104061872715
5.175744243563474,5.414926963698733,4.715921747355137,5.193291029902656,4.442056751798894,4.802044478931213,4.006583638496644,4.86544019978607,5.085704987577271,6.549496582370356,4.834519709283937,4.740611975555878,5.148073227614847,5.421195189002182,5.213754962456781,5.646825522843299
3.8605803938289154,4.247383536210026,5.188661826330181,5.198587220855745,4.836257216547418,4.524497912931103,4.701362892731962,4.829009785891987,4.692645087789263,4.818761143494818,4.914809930934721,5.054114837365935,4.737018188241652,5.558292266228109,5.168205171734296,6.063070064357939
5.446844306651821,4.8223346845718105,5.01611011621902,5.045275320322681,4.494606532789108,4.283207748489727,3.9253720394109513,5.2769149058636255,4.5893232700376165,1.2001714202243332,4.873060367287441,4.890850246191154,4.7027349250074835,3.957051911822416,5.0109790694490055,5.844820934565412
2.347312662316066,3.274275054065946,4.943978975612573,4.993870211100642,4.700956962942628,5.109271245648273,3.9203518368773884,4.42634521799494,5.0431894801676975,2.117041556897921,4.599445894340178,4.404519257544457,4.507599457972098,1.9764422975604865,4.88178464454365,5.444430258041039
4.279231741375017,2.6297311467662285,4.629471181978147,4.353565498475973,4.9256992665518515,4.435622746264033,4.990604328497633,5.242056062254166,5.277394502429664,5.367979773920325,4.828408662258756,5.097988680261211,4.568617557622959,4.516318907925893,4.303631429603511,5.593239356339908
4.253661262591441,5.220513266512667,4.6449724515760265,5.020709892686463,4.400402862928721,4.617119653147192,3.3866207431065742,4.4911040351387035,4.609950646028499,5.030350996599646,5.211293463053941,5.090042003897565,4.591592378039133,2.0120355792832805,4.35013714408386,6.002259423351642
5.657599152975825,6.0561551080167115,5.063458021357388,4.849587096134522,4.822082101610701,4.5736840944005515,6.322228455553018,4.690598434700195,5.031658816998334,5.980878761059806,5.015885007330992,5.037635856434182,4.452839238321285,5.830331686762851,4.454213449655628,6.006121283975336
2.6784964421040054,4.047658831918361,5.194905662621038,4.364011234834981,4.832009380675235,4.666039446858271,4.144733573720864,5.147205167317151,4.287776471165163,1.7440703919285454,5.134608340657519,4.910348878923411,4.429610320264918,3.5507636963163574,5.18362452004162,5.6351047929915214
3.9319481152810156,2.818805347696957,4.688348012969152,5.209620254896973,4.605178391393616,4.427947481705528,3.9696344653526165,5.208339055528223,4.658950468069143,3.5744875468277524,4.3453504136475605,4.48509425425976,4.512511233939438,3.9569187230235476,5.201918497600624,5.347151943320795
6.44723769445931,4.58350713030809,5.0617676795275415,5.257375168642344,4.69144216671884,4.289424115505813,5.226443194738572,4.948944930357914,4.8884252207997605,5.2147304166675434,4.555046569523303,4.444339720087639,4.3753776579031864,5.353206670873966,4.871347584733162,5.559294481956458
2.3881390529111566,3.2547760401541734,5.0000773395901374,4.344542727518287,5.0092580035514285,4.297016968044657,2.777763570345431,5.185218783530941,5.04260449518581,2.144158340370326,4.293831979297059,4.4769723049050425,4.963863113201454,5.764267004826506,4.38105432795845,5.210979381519511
1.7050332182042038,4.442442808899228,5.235026692112438,4.356356270048334,5.19468399181782,4.311388945954436,4.097482409903686,4.723350086558654,4.613995952473344,4.625516893961127,5.276312332214912,4.486081501129558,5.04472488013934,3.1367150015052054,4.584635114539903,5.995896881411067
5.243953870074511,4.9754859404108025,5.040669166717648,5.200736058293702,4.466090840134443,5.028374800958764,7.136883179401877,4.982656921709099,5.106681410292509,6.183207939077065,5.004079507580563,4.6739362249635015,4.621529650086267,2.356492113392814,4.453325519568187,5.952296271156705
4.49036015866316,3.908117812287599,5.2744725484585215,4.934016505172618,4.5430980679439,5.246359340648683,3.8717497511071164,4.428765555612225,5.207811441854069,2.8331962618985522,4.332306857358902,4.883673703077868,4.421211437495507,1.2805355062480048,4.885134531548844,5.6193724258979625
2.8903067383479173,4.198468521155325,4.4263429686931595,4.342033878554965,4.71149525817856,4.374615288139847,4.399765312876992,4.816249973716348,4.474826927856743,2.891015263212347,4.909443033331486,4.56576022780282,4.738894566410841,4.235718925688823,4.875259996229347,5.486987522438214
4.961141847459053,3.2724759447125997,4.582085399677651,5.249609942463599,4.338808446977414,4.867984262660478,4.3460265790041035,4.4590969180599895,4.836228165591342,6.17111846365693,4.675208943421518,4.516172843978071,5.022366587204489,4.978932702567582,4.403333712378917,5.700576618550095
4.519881918793208,2.675599635967502,4.77756678323382,4.549054787826495,4.972849059413097,4.746377111675102,1.0441452125175692,4.523563588971076,4.495605807756737,2.132292275408771,4.903736083475492,5.059944884242961,5.098452223763596,1.3600965708827828,4.918270737696654,5.667143974525833
4.725519177178505,2.89928090082071,4.430060543405711,4.966788302052452,4.774327437990664,4.532698383905522,4.3769121720935145,4.592990413220795,4.902042860682774,3.541445709130676,5.113409567008546,5.102480591947223,4.39697693097576,4.231951175140459,5.053902757799545,5.994063466455213
4.362779996317808,4.486587848573544,5.016143044576313,4.817217938466561,4.896742892271365,4.828243732234001,5.8145169328618636,4.77286477850172,4.428286899850356,6.225460780290778,5.274151225160317,4.7158894628929104,5.031376237953307,6.93399611126782,4.303913662649858,6.053087942447049
4.99028060473358,5.293405420367877,4.691871882426979,4.426768918986145,4.387535152184114,5.225054890784183,3.96877994803619,5.26366719081027,5.166042465438843,3.2527518992855877,4.291956013762366,4.812164423984023,5.1605566315791735,3.2374546592989817,4.432692330252527,5.318185082747471
6.43595475647377,5.514276836192738,4.594095638810321,4.333712260229373,5.154644009055236,4.715120003113519,5.249659534026771,4.981933066155943,4.797040221955985,5.079877896657456,4.303543955845844,4.754842411397111,5.212929476890617,4.9141400238676525,4.88549355048826,5.150404166579302
1.818520688590302,5.898877204806539,5.142217877776352,4.817076562827118,4.7104766555937525,4.88143439007817,3.987038853857941,4.965432892936813,4.952150715300873,6.05471365333851,4.975675882193141,4.585985849165262,5.178739155669256,3.8784482126581077,4.408234382119755,5.856624700956308
4.192545158518768,5.62933687182775,4.657722288726181,4.653353864368595,4.493438024544716,5.123939749033566,4.465081181012464,4.344636163389516,5.228699882360492,4.32643327698658,4.34075562226816,4.581996193267739,4.945593384745532,4.229060643030166,4.777757638058129,5.496595554588862
4.4708113795857045,4.51236489098249,4.516030285173622,4.893713288213884,4.550087682368628,4.960387211648588,3.6230210895524046,4.723171688488601,4.352734095144802,2.5312777562288855,4.375236148418265,4.63773735808926,4.755247302654633,2.7730272104560947,4.674086656649276,5.395309406895735
3.781814579593176,5.279093549213621,5.128526961651337,4.5867754247894155,4.5761411676289825,4.823814276784093,3.2702071495460077,4.681209216762019,4.83491064956838,4.330423005238933,4.787070667385775,5.035867835477724,5.162973644280757,4.4457000173518,4.537019142019981,5.742582110620659
6.101706413577208,3.9616905419673896,4.893006286500287,5.221123401608162,4.7639293473334146,4.394568701988159,4.373316217183156,5.034250762737793,4.668766651154825,2.6379498478563828,4.8659506780337285,4.751268882151672,4.296551717700201,4.809950899106738,5.1200612056559995,5.723021225640954
1.5181887732431005,4.9024483344053635,5.222208306319305,4.607612909713475,4.378728307213409,4.603551857289068,4.2640774329030195,5.14423526408924,4.6877345974757185,3.0059975446716396,5.271506867100997,4.489089591980301,4.78522226754211,3.739465879138803,5.200410687119436,5.646033699564196
4.994954412753472,4.799900770316913,4.959998242215322,4.4755881278554375,4.44501472439137,4.451405465556544,5.21480543395496,5.128099941366235,4.997665766243775,7.193238612916593,4.510904678263476,4.347067079591518,4.507299184960834,4.50956088783571,5.077165508145686,5.393970895023337
7.0483478950212515,6.492907367132631,4.8877163064251885,4.750780057783902,5.044172437614652,4.574916048843825,7.290227108819984,5.2675844880490175,4.4276031303829075,5.824280426075648,5.189096931564224,4.9733491724418215,4.570305941539741,6.229294330452196,4.790591194844209,5.963963773992672
5.018891895418563,6.748187998693523,4.3254642386340505,4.75250185644423,4.691861063347288,4.9906087368069265,5.200434889287925,4.873310536251388,4.30131774909142,6.903988950180942,5.170332827162605,4.944890236649143,4.3864810693757486,5.582060098375123,5.050020169651873,6.023588274317446
4.315789171891356,4.0585853465467165,4.988601007784606,4.331347531529438,4.388492407949942,4.524328951381952,3.7928418540880777,5.077761998090354,4.626010903746653,2.6003052248131726,4.749367185217991,4.897867921332523,4.758197213484334,4.559862879587468,5.177069467336072,5.460940788329659
4.605654574631456,5.504189075748001,4.4537750734487584,5.112768560016683,4.324979452048822,5.24846720972835,4.886391317031824,5.1226763903617485,4.327084571028201,3.7314423233939507,5.0157417381949045,5.059331119659069,4.699129159278147,2.040494590390799,4.960917010285122,6.033661242938594
4.138739255874651,5.442618107862965,4.647339041664019,5.2051371576084495,4.552193802172329,4.2830244491723235,4.849623028308719,4.890612745538526,4.518914674282431,5.214702017520273,4.777481573804839,4.6463860861630755,4.80383579889315,4.577703309804137,4.339882733128261,5.611736744558484
4.919042186869588,2.5582832426165707,4.924587482179039,5.121111227230578,4.335803862176375,5.174371937046358,4.960092647801066,4.7964387875539165,4.66112926135994,4.126618097087876,4.712002036859937,4.339295358703792,5.190947028932367,3.1128587473643425,4.508658534794565,5.67006133538462
4.165071354743164,5.301464026916696,4.939794039850369,5.069172394002014,4.400476719731484,4.91705420991547,4.4079282213285795,4.556387710477745,5.209878402487424,3.2167892557256716,4.982719846497645,5.20994861716856,4.385279994924993,4.203023137404098,5.069711672519677,6.0146890398391175
2.468707395757892,3.0021007306140346,4.632364390898459,4.415528382809269,4.408115788039867,4.498744079481654,3.329128367090126,4.743024601912421,4.431349944267229,3.4876448895526115,4.9209781070195655,4.854897261421986,4.952868999530094,3.3379539140947982,4.5053421513873575,5.533955683652189
6.857454698760244,5.859427340928161,4.460238262443392,4.792527935696077,5.005257450590476,4.796432049871878,5.757588970652782,5.215974823490081,5.058678671815469,5.296340911253557,5.094853150010433,4.401411693733364,5.037863640915274,6.9147267103364,4.495695771787006,5.699935122042408
6.39245954600206,6.367478814129106,5.224071383827628,5.264457649202547,5.269559318787298,4.744976097342984,5.764610952230353,4.288875418701275,4.450183596462146,4.333432331726701,4.333545903074783,4.67566902523617,4.9315046821147765,6.241749575827026,4.401622689258938,5.578697630900698
3.239763526316414,1.7690413553725066,5.2132403811691255,4.857140703956675,4.655814873360087,4.97875654034403,4.3061133048208875,4.937495943925716,4.284586548980794,3.928415202062692,4.94659132508957,4.713873490744494,4.942848743028539,5.2454401681133715,5.113523719107352,5.809893324896462
4.043020128074626,5.766207399332034,4.965091695118159,4.291690435402852,4.96924029202866,4.638295313694962,4.457700366612325,4.68852969844157,4.7498318497100955,5.371068872138074,4.319731678905171,4.932518701688749,5.188659062636208,5.4724899739376065,4.748831823176117,5.2340493571541
3.5671416574191,4.1751533876738645,4.774343460960251,4.347848016075331,4.414200163799197,4.568965408394636,2.7710187887157205,4.523416004955317,4.314885038192706,3.722385507638992,4.691777920566648,4.803961774627739,4.557864065794194,2.6914066876361775,5.16172903138237,5.370935834401718
3.5027916222288167,5.598522954981619,4.379864482105707,5.212622992013835,4.700794609704034,4.855656853472171,3.688020693038708,5.157866260697965,4.651826807710634,4.682257278583825,4.537245733734051,5.026808087148142,5.152374050019278,4.364164707058283,4.858059811573387,5.947273576105552
4.875390364861263,3.555193881507749,4.9206974421897485,4.650642526962447,4.594751040679253,4.708817370708195,4.232385293992393,4.706768982995724,5.0351627271126285,4.385993594941796,5.023329193303707,4.406648293003888,4.424092505379848,2.6938577472149947,4.893618160137573,5.68622026863139
3.2159956551681157,3.9397862072261973,4.890082281194044,4.899122129210973,5.02768816010677,4.51575301904117,1.3259770666929631,4.529982208876048,4.712718388645259,2.150474841665249,4.897449414870646,4.430729805794935,5.252555442033186,1.7824740131271115,4.849589561910626,5.5054582583488925
2.573365340306445,3.6326128810156315,4.41772471192965,4.575652485846948,4.6113662728601215,4.31256399432382,3.2484189736465683,5.051244875151401,4.995377194378008,5.459962001232944,4.674292863732502,4.409303762820184,5.15560510530351,3.595965279537111,4.39542344240864,5.4736978591388175
6.2532163041343445,6.302476093131006,4.503785443216182,4.746758363293915,5.20433781769821,4.483925446807814,5.470981611066288,5.02786481440424,4.654367868514216,6.427638065111385,4.7996762117617795,4.6501869732390855,4.516786049049052,5.137838484793847,4.935113705057825,5.616163762262483
3.9323631375323878,5.212635484316332,4.8355671954722474,4.945874697385481,4.4394514097894655,4.378926540004338,3.036890226300805,4.441661833257515,4.485777435177258,4.250733041784698,5.20853291905582,4.839744338611469,5.0544635845500165,3.7242863063018716,4.529798557737646,5.906821935526814
5.469523331737445,4.621574805095248,4.79391113669609,4.963753404632349,5.037985162891549,4.293118638703723,2.8299402879159303,4.3825368745984585,4.502423784325407,3.744762174448882,5.09275534225378,4.3537561388665615,4.867882589102225,3.5782463431639613,4.435793119703877,5.811386453148533
2.9673947923376702,3.812858183276731,4.593506706607058,4.356437101646087,4.446015191985828,4.984888374029312,4.494799646597242,4.975691550180897,4.707349868246922,2.746106838126283,5.005862238043278,4.5088286196390825,4.832546149877466,3.184715717808673,5.132142282868042,5.377935278194621
3.0280898962446785,3.819957473663237,4.637387247873987,5.062686497944495,4.352566695861752,4.344033002316163,4.935342364546884,5.0040508112679785,5.2587623046319525,5.35264422158539,4.309267502447336,4.348021312252809,4.755678682725229,2.2894343688272163,4.5438351131399255,5.370622826511131
1.5231010484043366,3.733985386926291,4.611692114292596,4.709837644524674,4.377791168504056,4.288738122114026,2.8954229358915753,5.1941333752388985,4.727520725728573,4.570867084176223,5.016039952055082,4.894371399090189,5.0484734685989405,2.11493700794634,5.231427621700062,5.7046313156715955
3.92271123304949,5.418885295102658,4.358331584000477,4.338109467371931,4.5667014043078495,5.007805828557317,4.847201811833675,4.397108237171953,4.803240113877749,5.842814189575858,4.815067298369559,4.952929252730422,5.156086388728436,5.090462574650195,4.494237851239866,5.479066580830522
4.904049821888062,3.7259319899760897,4.919247325415609,5.17006878944397,4.790784622826279,5.163859553598368,4.065198578589483,5.115911460293606,5.056860248414011,5.61997499474692,4.875433561237964,4.973363147255116,4.7616701646969535,3.227727630017007,4.795797801840006,5.946004980540273
4.940103336597042,3.887741968147351,4.985855228860065,4.485055721288743,4.707750607926259,4.723281943180635,3.7008953431854716,4.882537502591498,5.084162817328791,3.8899529098915875,4.638753070892475,5.067584999951251,4.642130598452676,5.308015502251875,5.12956099006643,5.542011164124112
5.3421371177762875,6.427045133478197,4.623867008386805,4.852906285972467,4.329842651045704,4.701047366425222,5.168810781752803,4.473362524523249,4.350319633275802,5.343071651968854,4.8055136314836435,5.24028277257701,4.891288965498263,6.1162404310877285,4.378784116772147,5.838677354407265
5.285848884969166,3.1993054757621597,5.009896555306917,4.801690543562697,5.172895787827624,4.3217639553082305,6.104244150302383,5.0343202780774465,4.905044479615316,5.785577655864171,4.952301081125327,5.211073429491052,5.2723909968192935,3.460230669430989,5.240102309256883,5.8493922001241305
5.559809803737698,3.9136251721889526,4.780145052939828,5.039044207761498,4.763395096719031,5.067611160342827,3.5149990089092262,4.304183394110684,4.439233174068598,4.851557857675364,5.1094447764772255,4.372926994844651,4.954355004646473,3.1122796256003498,4.814272480206003,5.771665594518481
5.193067046785978,4.098671618854126,4.4972414264329945,4.515318638231311,4.428545904497421,5.282402083030259,4.72503859857174,4.4290690390665155,4.9629659073186785,4.843532322403941,5.279274950410707,5.057142598461625,4.626338064749026,6.308785949461356,4.415052790295541,5.888980165141979
5.45545993212039,3.5292824320765455,4.686238714607059,4.440231407543908,4.416777421181361,4.407574619286222,3.663124025540571,4.995808378505689,4.563855475202825,2.9802708092606234,4.292745702038086,4.417813234540267,4.3617738596366165,3.7303098170148057,4.746938745398215,5.141048713026419
6.450164069028045,3.3381477534623003,4.675882370955832,4.55303915575673,4.977737248864081,5.233179148107337,4.982832292265696,5.175196593514838,5.144723854318059,3.3703025867147645,5.157795433139582,4.422537214795727,4.456430057064091,4.298164347408476,4.290618816099542,5.725792294702431
4.165067412816641,4.420163468562602,4.901064757715638,5.117432415507032,4.411365908328666,4.9548388359840905,3.091527870552426,4.753521621620365,5.224855306851477,4.249199850554794,4.345626208400546,4.739451277816682,5.199442689779823,3.7509035089619673,4.4791625324842625,5.444602382236295
1.4972504044391108,2.6862792279191434,4.62216238333032,4.9919088360842485,4.716828845063494,4.302341457149524,2.3091060580243465,4.34212618741021,4.611468296736427,3.152099503935204,5.043509048934379,4.934420823974834,5.177877592663993,2.248925033949138,4.4650102741785265,5.776577198875918
4.884373824939173,4.7577325285889085,4.77272712440028,4.428100121804871,4.699946780425142,5.251357046171978,5.487886043225272,5.244555552931374,5.061301693205936,5.131396131092706,5.2366249386671,5.133566788495955,5.259570701059981,5.051705403112306,4.815976947886764,5.735526451650231
3.896893214194658,4.16624049556688,5.211450706353602,4.305308734574844,5.095665439432756,4.679595579903443,5.08664154530173,4.639717030358884,4.394921010062288,4.766775928524103,5.03068545892028,5.020297772806344,4.808011769238969,5.441613065563055,4.6786632465367965,5.645168256249705
4.080896338540537,6.528303992408729,5.198121869513992,4.723143093418486,5.005334165562962,4.660046084587551,7.1936525554588275,4.964862468727195,5.225970227954489,6.840437770700438,5.041453382874071,5.113117257318951,5.081697407536621,6.812740623528905,4.665015972842631,5.952300409452333
2.545583154105383,2.5699046322725887,4.75829278098633,4.642753534984035,4.544348965303394,4.903045400862204,6.345496373367399,4.885496687261035,5.212580671501074,2.6625778893300804,5.159862390648968,4.849678563867159,4.425875198952225,4.297043515526369,5.151961642781105,5.831453671494051
4.244793273156802,2.563414049267552,4.653925882752265,4.749438226840107,4.8712770756450565,4.323854133454019,3.0402793962788732,4.741435402776338,4.833106253015808,2.6414457469694583,4.2935031042622915,4.958443618094396,4.512698493074473,2.550145897182524,4.294353215583755,5.428832678192855
3.578230796328724,3.1433945778381793,5.156947517814899,4.637368534289386,5.082391483526531,5.134119606238697,4.646646416407105,4.391477297720135,4.289065950143805,3.9491634688341315,4.396468088724288,4.679640528016153,4.970844535796724,4.66587065268557,4.864198810035447,5.48561418304615
4.882616324336963,2.3829056585312256,4.80910573444493,4.980260857042946,5.012126526918658,4.500234769956657,1.902414998495506,5.2601207161904995,4.349913010142914,4.063359296154866,4.443685069636068,4.599592425468401,4.552843886895929,3.7726604032151037,4.878244251914259,5.488359385606617
4.9573754634754,3.191049352292246,5.129531239661311,4.622966552527718,4.4334780446736595,5.1460094258915365,2.333545694506997,5.152502673128593,5.246255683657795,2.486831455588605,5.258266176454518,4.844018826014361,4.34328800513146,3.9084543598957056,4.8158135738890095,5.828914077766709
4.05445309195242,4.30810199596828,4.872476747128039,4.4247174621102,4.93925851196088,4.292613565709049,3.1824242784505263,4.335005225521606,4.486977643001786,3.7870213079782644,4.429048361569405,4.845022553384328,4.920810989109519,5.752942741410081,4.365844963485126,5.433734140717553
5.688326593089889,5.079111204989649,5.210609006533597,4.706626697620614,4.9425964572239875,4.803949200173852,5.677429505812266,5.023364920596045,4.362904786566586,4.797095670974336,4.92069780878492,4.768958616557007,4.615915297234546,3.9994669734173853,4.733191176724807,5.713458794855081
5.609255429844183,4.5618474054162625,5.009323845670741,4.3791637977140505,4.895015746661638,4.732025775808189,4.805527788678325,5.269932337126108,4.781947520885266,4.054818119289218,4.3458713934542015,5.066300454511936,4.849249960257688,4.38032861854832,4.43316578859698,5.510043171706274
6.364126065751229,5.92937823725974,4.905013315328205,4.629464893233503,4.514137062549407,4.894849159312783,2.8789663206296816,4.708200303961328,5.175421418228948,4.721131944496186,4.999368596770308,5.014348325469905,4.970266869579771,5.82045446112154,4.382650437248181,5.675997134304639
4.806758322831305,6.7709972122112125,5.061449772215903,4.565858134714128,4.599401195148185,4.765017897059698,4.974888101726982,5.044717216246295,4.5892291828407545,4.456407618494723,4.980173740188116,4.563993736028747,4.4191508629017155,5.704550355460396,4.932310612154592,5.656980738890252
2.258639891540419,1.5808566455238462,4.359046123072996,4.525637487752689,4.81329358324831,4.626077877614182,2.531341722358286,5.066765743760064,5.105261277299701,3.023500487634928,5.0746250342241295,5.0620744393287085,4.643097603608058,3.4151626381642877,4.656024507276746,5.7625479493752785
3.4438083801512893,2.936720056473581,4.6146494936582405,4.794354082861293,4.5844903320911765,4.98662182576759,3.0056357007234107,4.943360628580943,4.3816595523527155,2.421049382115615,4.3438580337940405,4.975902167639827,5.134064675834347,2.523139775168113,5.190106515845921,5.6015151398028245
5.173905859327961,3.047635555184959,5.280379543664429,5.036589275761367,4.922314509387599,5.122327879708224,4.538027716166538,4.595087278939058,5.212801212355311,3.6059180455597226,4.802170610454067,4.416631256392087,4.757887383191983,5.56090810044476,5.142170750977872,5.653484701994082
3.3328122794977886,4.189015837995921,5.227436148507564,4.70419173070337,4.494613258185414,4.569001553367592,5.09298884400465,5.249402148298585,4.397524983574662,1.7748060058346686,5.23837328895217,4.457779473942357,5.179882087197413,4.245273592369908,4.651193340805576,5.636387922748021
3.7095840284389983,1.8050377122943262,5.1704309583581995,5.09800215807951,4.627189800299561,5.094637307137834,4.474387342863581,5.004296343280629,4.720438345450873,3.252890597523297,5.106524940285004,4.610927051037967,4.373132544073288,2.7883987123884397,4.356838348937595,5.9875935635575885
4.025942582257227,3.5795642522341384,4.504285525582249,4.914643280724601,5.274567271567161,4.964436314533899,3.0946208878534516,4.775932416092585,4.872328384216033,4.135412107494765,4.285077323390856,4.518746408131905,4.302139451749229,3.4867702070556303,4.444623806524287,5.591380945831847
5.859599896748823,5.029827225687896,4.5064289639706745,4.671565116862681,4.727495738970013,4.783087068341572,4.701176284590197,4.9583694374635146,5.16946214243868,5.057077732106817,4.614897478103014,4.614364106824994,4.471264292146612,5.104387086538622,4.933835380928817,5.513486914475625
5.457466584968347,4.808874797756116,4.626960846625226,5.236375072753479,4.486160185184309,5.221227682132157,6.366432982847545,5.105442584633133,4.304659248212207,5.479839388586936,4.40304366096249,4.772557657026546,4.34080505912503,5.937641587281814,5.2452898834655866,5.4852540832930226
4.625053344689308,5.808917440494868,4.813518619200021,4.8800937386179095,4.895365941790979,4.545733069259607,4.0260641242293405,4.754479384510214,4.882817048365676,2.6279454867478242,5.232033235602601,5.011785590013947,5.082016009403251,3.4765071624867545,4.412850591497628,6.047987216951962
3.628723866029859,6.048076293157625,4.324839739910572,5.231036581673705,5.222521893298355,5.151984835045607,4.936715023506938,4.730953410812829,4.4358879290778495,2.1979554844117537,4.898132043200173,4.914140169000879,4.787039969511508,5.844278162922398,4.33428517689085,6.1089794659328485
2.362307013760375,6.000028549024539,4.631649969414829,4.416039654673707,5.19903949313823,4.94136467699251,4.0495588326130445,4.3357626248300605,4.448354349748282,1.7971391983952616,5.235256542797474,5.137939087115416,4.359028552286581,4.7501375961755565,4.547097807188003,5.928347191673112
1.1580010277207298,3.200424538812953,5.213969251289158,4.3164762515427695,4.867233739936929,5.258476079264606,1.6539323287868535,4.378445926482739,4.3359029316554505,2.5435331846809146,4.879876582282005,5.097188684315498,4.357342082051257,2.448541634931201,4.9140713467866775,5.756867836422843
3.431080535156961,2.25802120334196,4.640089475530347,4.416907784292469,4.496850508766098,4.734409511712905,2.78107360018945,4.88013896997199,4.422806363700111,2.3917707923223834,4.605988300507578,5.1527184298828015,4.930634059289659,2.9987311136045336,4.936521275286814,5.637905800209504
5.210545388811376,3.0530752101824645,4.797041853693034,4.511901633271764,5.2353553017585375,5.145143458380255,3.347839691563597,5.135545251728326,4.320623951057062,3.5492489322389007,4.520959671113231,4.944775222288624,4.333211600854853,2.750546280253443,4.678489173143284,5.460441349350685
4.893067249445574,6.388391730736545,4.675654847507139,5.131930771905594,4.646253470092009,4.568467745832835,3.2731051685410386,4.803026298021088,5.200535405161219,5.603495495672603,4.579995164656676,4.455710432064171,4.658253492449415,5.6601509617427,4.932919047863611,5.5359461248281185
5.908902908113311,6.7757968990788715,4.63162724708296,5.175592304524572,4.692176159358912,5.243577355846528,5.586006924049873,5.0984975744466965,5.113696491243418,5.538980859243388,5.191956632815775,4.905369283431845,4.72659914815744,7.470695331491028,5.061573499606147,5.993626625794134
2.9497948076581615,5.639237080538108,4.57917806354819,4.4475836501267185,4.578530878739678,5.137728679871414,4.806800110711432,4.378826757902211,4.736089297642335,4.0992959571164125,4.406096933619298,4.706243902671932,4.443443649479561,2.966782065018545,5.130207177893926,5.398062625351362
5.106436971726405,6.935466982627155,4.999935290698053,4.737949702251625,4.353787838570442,4.7109622214754605,5.400258783847778,5.2181999996006345,4.381435021447994,4.862501531388849,4.29184930907372,4.473195143986029,4.831934925528692,5.526198033702616,4.793767600675978,5.085101625041583
4.937058174274822,4.446410947644497,4.599366652961085,4.589320706805614,4.425227202798102,5.107158626895966,4.62772868398351,4.595973554431799,5.109257200537638,3.773070094916439,4.917505308773994,4.589420390699855,4.896835188912686,6.070895598963137,5.240624495820706,5.535438079258711
3.126944170900956,4.086378784183203,4.582332419224352,5.0279172207599565,5.097702009775914,5.155427768639563,4.628178292605904,5.151700927152012,4.536588795705409,3.4696531665025705,4.609471437512607,4.318727192964199,4.803439435860392,3.8196265160128253,4.368779497105349,5.448980275302918
3.7099777346969556,3.6821969151157217,4.816900896904547,4.818921812335957,5.026998999660341,4.329135310249964,3.5727844128668504,4.902777087158535,4.334051283519621,4.175816664401156,4.292966823794508,4.512441119625467,4.960960428186276,3.2849561345732123,5.210781600122122,5.153674328584332
4.336082546203948,4.900568269943139,4.8218822614528,4.58829015358746,4.897721011170944,5.14825642120813,4.206141091529426,4.5852750951428005,4.574652471417387,5.497207939735134,5.102117093810745,4.9838620939737375,5.168496441274398,3.5642704427603884,4.541839829054473,5.7518497331070195
5.3082870190724485,7.910600820500089,4.56677725564285,4.937285218279376,4.312246470726701,4.893381906662379,4.286980587585936,5.060040094959934,4.764161325890466,4.773366449407106,4.645196110620919,5.1494481480519045,5.045277979697611,4.453985141585939,5.2708760604428875,5.743632390024856
4.05758168227584,2.0273897962576517,4.943028205569487,4.598325584856658,5.128479482972608,4.767057283487877,5.001293405616034,4.814328816532372,4.558809509268544,4.631069362074389,5.053688926108621,5.102982048162874,4.4888505681668915,4.92777306259249,5.02454541148048,5.92629335542203
5.32705660638709,4.809410130782085,4.457251989801819,5.258320080598404,4.35680783685404,4.410052300174695,5.491224507550281,4.356442294560555,4.695015188839047,5.697292760083569,5.041243296478593,4.331748272264408,4.516241034517304,3.7861669607147106,5.081615339386798,6.159153511934993
5.065829641113309,5.887850433463571,4.613455757796417,4.347670277632904,4.374159979030997,5.14355805452481,5.4432087611169475,5.252952229894262,4.407636878452096,5.304147508412962,4.747237385734473,4.627366199174987,4.52096430099704,4.992515004830239,4.941560434227203,5.419226795691185
3.4325365053680192,3.7503473891937933,4.6732930088507105,4.629099867793769,4.2991028241209275,4.365297191923999,1.8428418409683358,5.005369824173304,5.115202343051822,2.1024851441410712,4.707573854971418,4.536245474086738,5.214372782042277,1.173431488940639,4.511707857885245,5.47280725551617
3.7820764065616372,4.7057206957255415,5.018422588122802,5.254853950412887,4.530164932108612,5.120563720992344,5.944372696547832,4.3962916785043085,5.270799752264002,6.730532497743637,4.733087479486081,4.708812833565494,5.149013642851994,5.644852968519848,4.3009926201007955,5.780725880968453
4.942630844284102,4.186237624125823,4.707802655664045,4.784760480867529,4.911548933602397,4.781343331737218,3.634209319988647,4.755485438937974,5.27571260585913,4.761093799055232,4.681397655059804,4.788450540110732,4.910682607545207,5.18333701198221,4.730239357613738,5.599359766374753
1.7526825579232317,4.874885135231805,5.196326453387878,5.10336344793257,4.74423131067658,4.510351196442053,3.5240007754846854,4.297716325212754,4.379465086163607,2.388241750996273,4.977613863200014,4.623979093802649,4.770115245623584,2.6383789322775884,5.108547962167614,5.793013471775994
4.720846066817479,4.424794883070185,4.443732337859024,4.7027557997318885,4.732540705841235,4.9761937664871,3.5322124630442655,4.5760811628209,4.3288817793852825,5.155036443505654,4.951105774343118,5.257081933055999,5.209969376738282,4.58793747440636,4.6437596685124625,5.7504474345061976
2.7293680807045084,2.3106595808075756,5.108759239756582,4.727218720973689,5.015380584805737,4.942804163194047,2.502611520467977,4.874916930991104,4.4539493308805085,3.857254455046356,4.467992334876368,4.961612493309092,4.4322607074189335,3.920861672878854,4.983001871490857,5.508885311259833
2.7935363168478715,2.5378036275082363,4.549845239044821,4.346598998828547,5.183875705399187,4.726237736199787,2.2290708192074415,4.872831674963777,4.805818453505802,3.92289357653785,4.4994934676401,4.686148183278616,4.894744620938186,1.7009752825637539,5.1724620953838025,5.292795782013126
2.9344623439573976,2.711529611041226,4.528540322868613,5.2439215516757605,4.5027144578856095,5.159405814870336,2.48608980908559,4.285333310267054,4.881654811128607,6.889800549238473,4.7187625182619275,5.152347352293069,5.058542808550614,3.2196621481034975,4.336689639495748,6.1092839152808125
2.6502798292826895,3.197800656721245,4.768926818035989,5.140017901789776,4.315999448402175,4.508046190150155,3.3146280820930225,5.2142194130838995,4.593612371987195,4.774005053836264,4.923681157915319,4.913812181185634,4.6464518068834835,2.547269761066263,4.77887914489231,5.741306766921255
5.101948743492135,5.442934567657799,4.543402346165188,4.84434404539773,5.1013073133931055,4.571985613474251,6.155241226775732,4.312996298985022,4.628195423685813,4.618726173858992,4.416423274711816,4.66453543551898,4.569759538332108,5.148470725720967,4.549273687518852,5.36504068930282
3.8330398497540905,3.7980544951287984,4.370443204537052,4.609717206712577,4.769330967284101,4.420722924324584,4.330657663797716,4.765124325781635,4.431786870400389,4.125427498039876,4.643390548900271,5.164246563495566,4.541110801547926,3.8827866178585397,5.037703828730953,5.295740926252263
6.250135402175204,4.934924854791618,5.1736143053384085,4.942057140895434,5.2823073831841825,4.895651598501974,6.926618822827913,5.1083847281909565,4.891792995524473,4.652164146834531,4.3771434034459,4.445828161646277,4.812843920545838,8.293682707024113,5.175179719171753,5.402550794920377
3.4491171252460124,2.6020089689828803,4.690339236601462,4.723649262102962,4.493836192212333,4.98165904348299,5.314425634267773,5.143070460083914,5.147838819203438,4.079091569896321,4.401597696635591,4.899384987789077,4.7596370061984485,3.404583954643197,5.010611769920386,5.527264372908037
1.2118770227957865,2.7541220751973903,4.947212210908445,4.760638231863125,4.777710845160658,4.370194163836779,1.8107480075690314,4.46751083252986,5.018550376839363,0.0543,5.2243503593625285,4.769665642547476,4.920021032611682,2.357224975811779,5.02437811825127,5.9488313593976
6.719377085703009,7.544239920222603,5.0476434063865465,4.712576703694891,4.295582991001526,4.67450818715062,5.468883390072651,4.862092044758526,4.59668792824245,5.649332502148281,4.480433733650546,4.50294750730928,5.019627295591451,5.268099616468117,5.158552148422842,5.348767796091465
3.4952637798320425,3.2899494593337075,4.477780536611118,4.917663797893371,4.593030608276837,4.395981638112445,4.956881320780112,4.874625242587802,4.4839384145799155,3.5435051350929494,4.720990127658117,5.006935121272625,4.83434892982728,2.546219138475208,4.494098712432249,5.942000986544001
4.392668725779678,2.1603377837144873,4.599300219755799,4.341135951229504,4.294164284051984,4.296174129643158,3.725857998716695,4.469661746130935,4.449889118837066,4.564717024954132,4.44810822166667,5.232570667384564,5.20594607361567,4.2079768197293035,4.387532456258537,5.376342982588471
4.515259536951344,5.401729604604705,4.464838835223486,4.536737990616486,5.189156657282222,5.257633294429267,4.102781210623436,5.109685505990814,4.9445748178894435,5.022707915043837,5.173024748313221,5.198013611691558,5.095302038742816,2.815564922622181,4.820764339645994,5.836144442995182
3.5230390698131493,5.297496854888789,4.942054390075803,4.32629954514701,5.245269518766381,4.720583038786684,6.054291712406714,4.753628667835509,5.258115901012249,4.481919270063593,4.8963194538279975,4.75121083539723,4.467874841501123,5.702258840853535,4.816252906938992,5.660159993569799
6.506397477746179,6.962325023969737,5.052296355949663,4.9769312224622215,5.267128087448634,4.69827866502217,5.529716861600773,4.832137708472128,4.750504797299364,5.880238256142408,5.146729906814038,4.806776544878481,4.487836496297135,6.280334341278425,4.740921293205039,5.999606094723331
2.654993517440808,3.2734755719529027,4.769663251550474,5.034878990599278,5.247037569314253,4.5475185597209835,3.9889422587552126,5.247196202006197,4.787726136081514,5.007301300419082,4.468238205803384,4.450099528824565,4.370592135818293,5.147856938949801,5.096889093368498,5.222119743088388
5.708294999647188,3.439007214750933,5.1219228267478005,4.4681580139879,4.960361576788031,4.575929263344673,3.3962611637729316,4.644505695718035,4.653981229765423,4.855562115889893,5.1930814671519165,4.708237554613728,4.956901747146882,3.8094551908704632,4.337010523725337,5.7481621298810355
4.852813022164695,3.7568344469506334,5.219210824805096,4.932041554785197,5.061131793876742,4.2833193806367404,4.0639545109063056,4.919537078059916,4.7604407967066065,5.158278875677015,4.5598652827839,4.8977227027602535,4.620390618843524,2.63230718548578,5.189463415143514,5.683363959433728
4.41809208903693,4.757914538773939,5.268804563716344,4.498329458682497,5.119571477542176,4.596663089363913,4.718390005823855,4.588750169570419,5.1191286618622485,3.7423605184291784,5.2655289314480305,4.841009496935235,5.162637675208545,5.792296780106635,5.166694021856321,5.812031156427979
5.885269217872114,3.906278581902001,4.329189471466764,4.313122016396509,4.473692816541876,4.7098378669404495,3.8147590475177213,4.52240821529825,4.605269844153646,6.1917248165327115,4.7763168114723555,4.30395157476355,4.713908141094265,4.8851711004901475,4.963607773357394,5.344661279219115
3.9659360812609044,4.601701539357195,4.336622262908,4.912312427152316,4.391412403074276,4.391827053197672,3.788367188954996,4.6593438675609615,5.255942248959818,3.181893707370467,4.8423355454472246,5.065212872301839,5.214204185915991,4.863042686287245,4.336692427188319,5.932426977089385
3.403829404953387,3.496394375250691,4.493351147948075,4.985920191144837,4.669106873936616,5.2239417158975385,4.2425391778315875,4.508786703791725,5.213738478387397,3.9906363100709528,4.7380410826903425,4.495598186495853,5.179843861889585,5.655039532205591,5.101401866281542,5.544996112650053
3.6168776397257565,4.526632438475045,4.920178345206475,4.717093437454305,4.949057432621897,5.237755833811335,3.5826651454369247,4.706703567556247,5.16248225690858,5.289743297185574,5.105932079802843,4.724222217434516,4.835606498762296,3.23910187351996,4.962820201926935,5.774799855573808
3.86188254126761,2.3935606613728653,5.158877162068762,4.709635742516081,4.299253269294879,4.906858120541766,1.9763704044602366,4.327101005597008,4.8160913249908,1.4292014128842578,4.3159876217258635,4.336286644591286,5.273636574194229,2.517212610511605,5.064433623654586,5.36570684644415
5.094927765040264,3.8863103555131002,5.091405507522968,5.105020940785454,5.008377584921895,4.559632335511713,4.513763194343932,4.64539686233951,4.824769551844438,4.34941808477603,5.173590950445153,4.998465240674913,4.502796115367807,3.6323486570544885,4.765570993875765,5.913614031806655
2.500487748594178,2.633265326241046,5.0322595250905975,4.982578728392858,4.331386958146469,5.13239533213059,3.1352075368486214,4.3760951543376265,5.183996720644117,4.364474403337819,4.863895708490189,5.24164612549562,5.168458188956435,1.6474554930842644,5.015427460306585,5.830125344520903
3.266941234123599,4.181231342350992,5.20639039210777,4.587485155150942,4.87236916520678,4.309112524896129,3.1565976804267506,4.88241736054368,5.256154896257334,5.073616355070501,4.503239398769541,5.2769332803914715,5.234153959832277,3.577407631027757,4.707206359661191,5.708446737867611
1.8084031472362643,3.8060649928831185,4.661638296081205,5.062213188546963,4.504520794649132,4.600090537521307,2.1732922209576175,5.093994504475482,4.58048350329043,3.2327643706751203,5.088512320341916,4.75952560889024,5.233167559160572,2.317757460440382,4.342513733831457,5.750510097484025
4.648949902887205,4.890612655046891,4.478821774279495,5.04335913130241,5.2456614359075395,4.520800276661883,6.52348743711063,4.480768792328062,4.650651834610108,5.877425331639161,5.216085195658089,5.249701470629141,4.6467328449312255,4.562406718884629,4.748574272752154,6.337497241863442
5.079750909598923,4.413098301379756,4.573117981047563,4.762674622721729,5.166945794061052,5.2718620385807595,2.131573421112623,4.924876444926408,4.9269574755793455,4.609771385472637,4.545523429769088,4.577879954873019,4.785473945071265,2.987791094353119,4.409061615331328,5.608362914278447
2.941132697779548,1.4288299346605813,4.374517930191688,5.192870662699402,5.0603356377324165,4.722375049187523,2.7787107809264238,4.996056397548159,4.559657861026233,3.8472625465662937,4.352868358137347,5.208707992199672,4.583764885934016,4.685469722355465,5.141784991228785,5.837459671164027
2.049097846169615,2.0510288873662215,4.958772430144004,4.902032946494289,4.619206063986787,5.008297029994374,3.7158378218845716,4.338852797959353,4.557985815072124,3.522766607731702,4.955345810937653,5.167382923500117,4.467214789852254,3.190166622817168,4.289919942870433,5.90765929482115
6.084267253058394,5.964786414885929,4.7683915450301,5.088250081711249,4.3354675929222894,4.724232665233556,6.130480467444319,5.117473663389096,4.833111521367504,4.95024280537289,4.8639978299758635,5.2375835329836,4.411102493823256,5.547837299364931,5.144725069963854,6.1838806563882365
3.8387618531828283,3.1525550375695226,5.049706901428586,4.5485436108880135,5.178948424741131,4.807063704159855,2.679489247352151,5.06879494812551,4.696834760077278,3.8229915472187734,5.054402273383775,4.295303433730615,5.012848227884178,5.3971152094630455,5.147614037831154,5.691109012615931
1.1561543029728516,4.956586797280976,4.978436649382312,4.775450569201791,4.648681308437229,4.288752057446632,3.4721236090003607,4.990605453656902,4.3071393209760185,4.203133064802497,4.781253551886617,4.983413574770259,4.882238069777784,4.115438792586588,4.629407717256589,5.67895258211856
3.553685007502031,5.6599203644298255,4.8071692659311935,4.888733997988738,4.986988326948187,4.4793551793441075,4.127700129143456,4.456274918493028,4.895895158265457,3.9798801307930343,4.942194233342248,4.538275881139684,4.846563651168964,2.2980809910257274,5.01578253352917,5.762099566043324
4.0093207100299555,5.1052011679679445,4.7095229882678655,4.977431696051484,5.0512717029909755,4.690410549667755,2.6780598902801955,4.8802894141608615,4.828608495465972,3.9239188464654937,4.35401850540212,4.445243306098508,4.7525158625742145,3.638136736268608,4.4256466218176405,5.2974537161618365
3.4168636498601543,2.4724664388689814,4.929554484552092,4.750926837490157,4.358519868671082,5.2324697167310665,2.459850858893304,5.020280134152629,4.791353425987478,2.4893668851488444,5.029292000420223,4.740010187861527,4.544526789123548,1.7322678847054434,4.489542025357435,5.747116385420732
5.597312771903813,6.901217971343608,4.480840270894192,4.759282638666269,4.818261082298407,5.073861453632945,4.803335378275908,4.684745007069941,5.076801935537878,6.905618866593979,4.496441497163897,5.0094190790167366,4.8892627743066,5.906454328012197,4.865108565429798,5.414717946813367
4.173450892971769,2.617635767560451,4.62115567123775,5.200946713116465,5.127084030698914,4.96640331642306,2.7507897220601287,4.942119522107891,4.492945016644042,5.006625249426433,5.016654104827049,5.159854291065262,4.5060855876645265,3.3257287199820227,4.415240181080925,5.9951432844823636
6.007440756835611,5.568439126230133,4.619072433104672,5.08358906137342,4.342371547987948,5.03772611418102,5.936158608627938,4.5359917010787045,4.673336213631888,4.996958284218686,4.40746046163155,5.101028028110441,4.531390028172945,6.211265225481931,5.202266239734131,5.686497690780838
3.6476993187598827,4.094727617027822,5.133524687463572,5.08878086839368,5.134956825637133,4.90273803484287,3.896610783414042,4.869217418208826,5.229169143918176,3.4894471729907903,4.512061473634751,4.912763530881673,5.156199716967792,5.184833164238537,4.5968901161544595,5.5401674826276635
5.087949481212594,5.513082950387188,4.553182351156633,5.004415545168858,4.563790609094724,5.0920643790844204,4.5590973817734,4.335372668769967,5.12780922736088,3.926044352918836,4.728125073743514,4.624329396119868,4.801226821160274,4.891871969223473,4.915244248156853,5.731575217305056
3.078136811432003,4.4438666676805125,4.359593791992612,4.406281329406922,4.524220738783276,4.478027232853488,1.683151052133494,5.117951376465055,5.108308360731797,1.121261996854205,5.0192071109586465,5.147506324043627,4.95830998920052,3.4510896768032775,4.730641409169046,5.584927484997723
2.7094766740118987,2.9146848341382685,4.906888187409921,5.04763464259951,4.891393178057168,5.006343157681439,1.0868431506685279,4.347417937364914,4.893005133723042,3.5187560998182597,4.959813126932408,4.778518415106164,4.95455724621667,3.6718906335871964,5.062969667344728,5.974589647533052
5.542443585517625,4.510045159499997,5.218054663207018,4.841815018722185,4.8932312591266225,4.423276454844044,5.071781096993631,4.589982598081901,4.782951461013248,4.115111229923135,4.996847888201648,4.725002158531839,4.69668758756051,2.562520800013044,5.190878152844662,5.656835903428159
3.014501529636737,2.0020591862177337,5.210281990966139,4.809663274377448,4.802580142838931,4.808396279625357,3.123110842030945,4.979152311511669,4.955895013404742,0.7662101213083199,5.094094658342555,5.106156536171218,5.176642378532199,2.9183681531091756,4.616276938318892,5.853477980434333
5.8755348627467825,5.710103294876286,4.707982662729086,4.660787512477819,4.674009047743921,4.656621157300292,3.4693672670651376,4.377921028979189,4.313855169108351,5.337375613187104,4.7060813728349755,4.6670656210186205,5.218787715082763,3.138385583877119,4.684991243069508,5.688781896110373
2.20014025444752,3.672069588228961,4.597811830590851,4.991310223645374,4.368924228137589,5.05632709411874,4.56894669566783,5.009549743716599,4.888089621442928,3.9768129075769565,5.224658369545498,5.135147815165519,4.550711373098282,5.120860341715038,4.4937742196845,5.94847139426771
3.166981091855057,4.2819768158174245,5.0980005857129225,5.055579810661378,4.529588440173084,5.26479500555209,5.18238033095092,4.390206658006075,5.16940602358518,4.73969768579278,4.83834736736104,4.912011845530665,4.865456402929075,4.703012323698282,4.336067489892412,5.980507029963335
2.738283845844141,3.2202661115894924,4.513880225928151,5.062133479219311,5.169254691555733,5.1039925763904055,4.866673707736433,5.2147795148054366,5.257753869990086,4.042659023419084,5.226730090841794,4.479555914979651,4.8470231833801,2.8064093940904384,4.887061865453591,5.906136473483383
3.4064279885299826,2.513554746840609,4.987099165161385,5.2087662429055195,4.5743535117692105,4.691413712666431,3.975568949699031,4.310912744189898,4.798941763722088,4.034826483148914,4.52274875386985,4.751547874482987,4.695365182366084,3.2852650598706674,4.579754033786621,5.652467686712872
4.472758592094624,5.081618072086504,4.610565975586118,5.153559541470114,4.802406771384861,4.770328424731268,3.20889620185697,4.748614356176969,4.956339646122652,4.692918779400163,4.940415044510191,4.5731859550758704,4.752140958888241,3.1115359671597242,4.5965685552024365,5.8294339946854885
4.3882030464320865,7.82291871659656,4.3190728627314865,4.743897876336168,4.45038255627492,4.9322558442706415,5.748982701253228,4.75073035641676,4.290838876900567,5.23725214372978,5.116677423835218,5.165402475203547,5.084982155720876,4.491100253305637,4.774474101798011,5.876137554392931
3.9048088360275397,2.4466955819244145,5.1502149181786745,4.54470285695185,4.92379285113275,4.762612737954616,3.3123215720785812,4.967543676233912,5.045152754276058,3.8958344518880352,4.330791518274201,5.107495509199461,4.9822492762317,3.3746019452762748,5.22665459609574,5.435924425910168
7.707903435812417,6.111424942068757,4.881019176522562,4.340282102571489,4.874487457565628,4.718233830365018,7.824655293068571,4.989722211951327,4.888210711225142,5.665739620327475,4.926133399518163,5.158570342536147,4.381731916916143,5.079807273650031,4.432972408636177,5.5492379551178574
4.670122650234876,5.046004469083391,4.743319477673753,4.736197775480045,5.012975934317489,4.692379753014126,5.435090209825891,5.095546982895967,5.2229106379336585,5.040746398863194,4.392478618898728,4.641436908528918,4.661861782962738,5.124974611230465,5.069200702863095,5.492175551041778
