"x1","x2","x3","x4","x5","x6","x7","x8"
3.9780730632785413,4.417761822367183,4.016020756320969,4.282471817341166,4.453673543847197,4.003612397746343,1.9356757139863559,6.889077808754962
4.48842257166829,4.591675349797206,3.926515451578887,4.3976025222835595,4.092229416794434,4.537626661719896,7.25395681420965,7.913709033518272
4.052272095517758,3.795108915931397,4.5670951045368,4.262171051940456,3.6779353892202855,3.782489640488389,4.196085056858821,7.122693062931551
4.54259390001016,3.8942709517187835,2.7378421438198948,4.523193551995818,4.389907298684849,3.933351437289651,2.316971397270959,7.153391452321636
3.7853142182447974,4.2385134004770375,3.3513708128105857,3.7965214032161225,4.233261262053483,4.533443275974141,3.6038242366863473,6.899447174266114
3.8062448740112695,3.9556024456207117,1.7676072108172134,4.298758493852274,3.9336341995026167,4.187434623456198,2.6309379190057576,6.6153303013580045
4.445030641625906,4.005311737563137,2.4694753460260546,4.21137283596827,3.941114010451702,3.6525958421741764,4.1584083403585,7.341753428232956
4.268478785576688,3.9546648980112176,5.250435803032134,3.6442567973621762,3.924665069203518,4.571418151806609,5.6463181779991,7.499491322047854
4.459186276023734,4.151991794046422,3.3128751482805194,4.459333415357612,3.7655633448824024,4.414092371281728,4.0886240909331555,7.389267174657356
4.151725490950954,4.089588707000787,5.795503262376955,3.7780291224053153,4.394423286840254,3.855197076971686,5.362867972220871,7.152194383160349
4.179392666508888,3.6727941476851944,2.419851864730967,3.901218395948889,4.052681642409641,4.435204908755208,6.386405251188422,7.152710257879159
4.073302115350517,4.573774992531564,2.015061951645817,4.134816775289412,4.4917057152953435,3.833556962032144,1.6656567048980648,6.884532807798669
4.576906626672768,3.8627698438360683,6.001815777301836,3.6737432267783734,3.7234400243239523,4.546427304291752,3.594152917292267,7.677378652488462
4.432106427386597,4.02896430612475,2.1831004483023677,3.9171720175187845,4.284556672559985,3.933765466759561,0.4893112244309794,6.3364172801644845
4.031868625536424,4.120126728303564,3.4871779334718,4.51693042097974,4.1610717408301925,4.5834857610001976,1.3419760520755704,6.58677797162525
4.194757659686975,3.8623921977184503,3.7817863339616022,4.063874290515162,3.9210007959147695,4.588760412522181,2.093108773612147,6.885738529615848
4.379125608584209,4.575785395892037,3.3568358610093125,4.542817485439514,3.81827989661808,4.191574877913637,4.604480055584781,7.763421022496246
4.01113281663097,4.259274594500443,2.137155923450196,3.827424472069364,4.421655715255788,4.189980984972578,3.082265947285059,6.940599592044521
3.6809032052367896,3.7000959767256645,3.967684239657533,4.239914411246365,4.469936773395177,3.88020164556947,3.6342731718262815,6.569160257306711
4.225508740868781,3.783105661180731,3.594397580224036,4.42079250519076,3.914812165839481,4.620514821267427,5.2850535469649795,7.087653207611685
3.6670501302244327,4.4925629990144325,1.2422685772488382,3.865201656397288,4.3768662590455065,4.489355946821055,3.0546708547911403,6.570737795219911
3.996613728159129,4.060281545243837,4.509658784162021,3.839958147593164,3.753190760713427,3.8949974598047734,3.978537065066583,6.947690992128072
4.107982024478326,3.698729847783665,6.544070999222139,4.115736367571229,3.8680922224572583,3.6617410414649485,3.5681953204869528,7.017777199388986
4.012407022646326,4.5765203300887265,3.038741355951285,3.904332867208014,3.6897348000354038,4.37748269980443,4.413218742705937,7.410673916537577
3.6860415018570314,4.089639772085935,2.0004103369023043,4.591669965879188,4.331166327078307,4.480425589249538,4.080980241281544,6.680159609363178
3.821632294248755,4.257868613989666,5.0173465717829,4.56937021821632,4.121185477322765,3.664988665901791,2.3802570866153583,6.783883827186522
4.1905786141580865,3.9374510902482993,3.5568179049527697,4.036078507875033,3.791435198377695,4.394294606040964,3.677774487765598,7.085256560981275
3.9731588244677147,4.160738437402463,3.835292875707705,3.7237306274896484,4.619700862102901,3.9040686228836248,7.584051359355999,7.35943953200796
3.6707506155004457,4.144794887046751,3.8307235338018275,4.259592696357357,4.224297560585978,4.242380479988357,4.036713815452138,6.633844458957947
4.369647431210061,3.941762746608216,3.5817713471131167,3.9741620987928203,4.495777473069788,3.905602782336537,1.6427063778970403,6.871574904015492
4.029068424496068,4.116176436698397,1.7278007262083035,4.632510381330476,3.989665959029716,4.115717924545888,3.1553111077357503,6.74797761395049
4.180600112665764,3.8338046076517567,5.104562628503734,4.07926542254215,4.250504745879013,3.9902342386448018,3.297958944217895,6.975238493623123
3.7998935173736172,4.627253441881059,3.6472062970893995,4.051904180033833,3.745435834275687,3.721634248430001,2.965460107751634,6.9982029827504935
3.9716359528835796,4.084069175022218,2.1447212251508616,3.7598958266898976,4.287452021879011,4.562548436992885,3.8300299590164473,6.893306811780409
3.7495705936433654,4.021103060333013,2.6527972516118377,3.9325401123326675,4.6049853105895995,3.9134397226714066,2.820362117750434,6.4567657805340515
4.059249709504654,4.324238784838468,2.849723904226899,3.6575222235332627,4.454636940703708,4.2994463830230805,3.148369411952356,6.9849077276989275
4.02334409302597,3.9766647690806995,3.3235280630897788,4.275722368868292,4.621351901525578,3.979496696354489,5.1274491959722255,6.9229759545796945
4.290031402645141,4.015515634962836,2.527321146845608,4.627344349173515,3.787813492809146,4.270235013699626,2.479335962669112,6.767266218307222
4.12817686805559,4.0700148060321215,4.405811504673154,3.8696123093881636,4.233731946921095,3.903449826455603,4.153145630789931,7.068149283525689
4.038266902916154,4.568509505588127,2.4503001613574624,4.0092279337021,3.89631165543428,4.160725874435787,4.010415256398963,7.289577577670117
4.4890141001813415,4.293021139639554,1.5797661009154074,4.016275688282576,4.368318350904381,4.5754445603791885,2.7582384644230316,7.2938545072003675
4.104259459671393,4.242277932636286,0.9979650523647905,4.251637124395101,3.8528789347171055,3.6449006088492992,5.30213372140831,6.96478216153731
3.9164852085300033,4.20670079783459,4.220618137855305,3.813424812664915,4.44992128400783,4.1958496624062445,4.428025686284969,6.928380467887738
4.026871666108096,3.930020340744256,2.982553196425819,4.033512247554108,3.7489344182060793,3.707607048664838,3.1291035961505793,6.9974238351408635
3.838877592599636,3.837621718779414,3.357142814364644,4.582523081208569,4.298862824366086,3.911100837145846,1.4515643617131762,6.316707919606948
3.700254320630226,3.749523216935002,5.482632274898906,3.861377056042462,3.6582334182523435,4.479924323629704,5.3167079730295335,7.065799311926684
3.9169947680337356,4.409133261434123,3.7788815847332358,4.077070105235976,3.9594656730841526,3.907975586402007,4.647889291592179,7.2400270290488615
3.6969557782583196,4.199347174662795,4.402306244771424,4.067104906991858,4.040957668488455,4.195332518136353,6.656116956496657,6.8901583298448505
3.844443340517923,4.06111024110258,3.653188907703061,4.229565631042748,3.991190872085087,4.196922833209201,3.686045949125964,6.7473718432235055
3.6869124426866153,4.147391065072872,3.6496009472110424,4.2650047200392445,4.356780613054808,4.570620650655046,4.513586738904552,6.737696226527791
4.471568189550676,4.367771341412407,3.52114808070309,3.673592704760886,3.710006162907239,3.67760183624032,0.8154577214812386,6.818086378516285
4.3191091126605645,3.8381358073895115,0.17407029171227562,3.6411957616168515,3.870960617062414,4.380751374862039,0.3128274380299798,6.0076157962579755
3.8580202849821337,4.037396386819326,1.2952432004123504,3.843484412677334,3.718745128541468,4.443203845612709,3.043338650213451,6.4929861077017055
4.083897984378425,3.954916770612435,3.2664587224924317,3.853866919656866,4.016939583598421,4.576868391859472,0.6302513664032925,6.110210718493053
3.696937538198273,3.9113096994535597,3.1719407524868526,4.049251214310728,4.541645899906818,4.3130058791551535,3.787237074290986,6.657997776781399
4.36850504050218,4.4374903826833325,4.832837663172358,4.610427906195139,3.8995850730676898,4.544539079945728,4.036877156281945,7.471420366903285
4.142045617068558,3.904172191795665,5.7624408589085325,3.8084843223089226,4.5038481729653315,4.451718386565917,4.318672308163316,7.145020378225414
3.649728188521321,4.444640505344912,4.029276823249451,4.285617975021912,4.135657979090748,3.7802270220340684,5.408915388120825,7.088253949237474
4.610030692897968,3.9943068629672065,2.0887704281155828,3.730286511934145,4.49947632247112,4.118002954689869,3.765332349298728,7.26220025538898
3.733655262089652,4.58439042370924,1.4703952433515677,4.242911876425857,3.8404799927113915,3.6411268979979208,3.9793180749166157,6.729699658139265
4.5390805202582385,4.521604206601877,2.448688731825255,4.457934615112693,3.9337272326133474,4.319121351029331,2.1035965416937668,7.398978628503185
4.147470802172183,4.342689127682447,1.3096536195679045,4.417193829433861,4.603824595963694,4.600245317773664,2.9063255074599774,6.941276504627606
3.979122339348542,4.5483736128739345,0.8606452808234097,4.378894158448167,4.189350391966659,4.62266607116841,3.0406551368759356,6.924184887979032
4.5987000069641315,4.1689926962729995,1.3046722041281078,4.123209821556118,3.7128895185462953,4.282939089960115,3.3582893677794465,7.489706835479012
3.7573716072608643,3.9663350367603036,4.2093028969031945,3.9547344063519723,4.346883739097809,3.7460231345107453,3.0727263963405407,6.839522211841287
3.846981742580971,4.471735262212875,3.2274220085190417,4.0475235913981376,4.490522070953701,3.636122163649175,4.91267448410953,7.041363023573042
4.339448695837145,3.926756001909727,3.014776646606344,4.533831724740638,4.627725388377208,4.253422700761266,4.426984180701347,7.239231808950034
3.673834512801905,4.07719954439189,3.1515232782331037,3.958835122725428,4.105485085985576,3.7535540933220095,2.7354512872473724,6.375961644185967
4.179872719397593,3.820495965634821,1.8624226071395102,4.588667158153621,3.634813806440319,4.240928760355687,2.8095364479781417,6.627147478099587
3.9429710977012133,3.817564539597564,5.564027904820242,3.909101424296717,3.965663816248321,3.769923051246193,5.896519143154842,7.044884951147715
4.533361559260324,4.127367098953477,4.728800811020155,3.780945068917782,4.255136625828385,4.537734359670677,4.275958252940814,7.525119517661634
4.540844809112462,4.178117654386147,2.613713313600616,4.136978618207282,3.8212319345048953,4.353193980382471,5.613704236157979,7.732014516962717
3.9264157276052014,3.9761143498516267,1.686373881384427,4.144896595819529,4.04218733213534,4.449104885872039,0.839978034900073,6.14931627069275
4.414534715906385,4.248022910702186,5.176281593200857,3.736443736356469,3.6788419806634156,4.468421561172297,4.6103580223737906,7.781814981318891
4.080151643272455,4.205824147453484,3.852956689035855,4.452935927202438,3.9086472333479096,3.7246485203902533,3.357931351521907,7.175550550172969
4.23507091761768,3.8742220553148012,3.8599979601574677,3.926493292182412,3.752879099154851,4.285175842676351,2.9558310418105864,7.005774431155045
3.778403736684925,4.095344321538118,1.5412430427411126,4.610580465076393,4.391936731796066,4.132495568374091,2.6633203961532015,6.4681900241087105
3.9739185247314466,4.545746342198755,3.2526761037390934,3.760060832971345,4.208004070752298,4.391554825675566,4.271122627471057,7.309213195524476
4.5102872869899695,4.5636521225206,4.129264156570672,3.8970742351496965,4.419121284761268,4.108877152747094,2.989383172395352,7.720699780967953
4.075935661808473,4.450690008071906,6.287716844299476,3.9235587488780053,4.314971548442856,4.595663589054915,4.813640435856842,7.491424879087349
4.436480718799569,4.264229577314465,2.1685875600121483,4.023197003669458,4.626497966309612,4.253763611542183,3.034102909153247,7.161111132517302
3.6365889856150058,4.196689456645021,5.1119431472295505,3.7647410768961085,3.7668474700880643,4.00259275510081,4.8256611918353745,6.766236939034523
4.295642580957884,3.675215652694354,4.047107873869677,4.319498710872395,3.9701800319227565,3.722559097407713,4.211449628608645,7.08045950367251
4.152003172072485,4.59225575675957,3.2421260091709883,3.913866941910261,4.0956529783293325,3.946981091866857,3.4344206934779673,7.271976931038055
3.921878001473735,4.169196419059725,3.6189796207294704,4.030893085501664,4.582211774007264,4.494296370920533,4.122156107542407,6.967810412658027
4.502046859193333,4.06040283577176,4.413014017658347,4.334907958092241,4.189865172767452,3.640945165837016,4.207740979907079,7.4340062464968755
4.3675561990688925,4.039677295845725,0.3195184087001328,3.937203927076312,3.740148043128546,4.033230025791385,1.4084246457524978,6.631118939821032
3.683290829531245,3.9591588118053944,5.078648541695368,4.23003889534583,3.9820991499119525,4.526209682093991,1.945738954627127,6.394831354680007
4.304549559106888,4.286506775877702,1.6730399380072907,3.6460376145230495,3.963222089165416,4.2990486708505244,2.2235654975601746,6.823619498686237
4.3363075044965225,4.491411109041446,1.847241235016982,4.007540916255252,3.962508863833396,3.927549371036475,2.9274592402295334,7.299869906306018
4.590618432056548,3.8750619947884872,2.8612893371556365,3.772416644325815,4.21048352002988,3.6948856036770583,3.7652633545465304,7.240868846808169
4.521671590463106,4.459699650071419,3.911035760050018,4.530926290374369,4.060027473239752,4.632288630018043,3.351779172425156,7.743446605218401
4.586221780774282,4.381935370437731,2.7760908469102055,3.8025634889529916,3.714457318047767,4.303826856888106,3.8874079912426085,7.7712812550903045
4.577255075143775,3.765957332110571,5.02960583865687,4.38113324396963,3.9045214199779292,3.9466970914774886,3.142383352230013,7.117535797561654
4.471591935466215,4.108051312430719,4.6362140266423975,4.22611106607717,3.771258291342891,4.23472862463428,5.01081080186409,7.771007060379845
3.7417606038953277,3.880509126508563,3.784904944558398,3.653544563087182,3.9037129358051375,4.3503013119309335,4.748043591453063,6.704340284305964
4.596870799717207,3.976092327119574,4.392640056603202,4.483437188676965,3.9072305919573207,4.087841220006195,4.565852699840908,7.531589229850658
4.57195789984776,3.801118650472288,3.1308394333331084,4.49277161022038,3.9348704859356207,4.2561841426565366,4.6030885063378,7.45791397658222
4.325191963104565,4.449470857324969,2.5768840691690507,4.427435850834293,4.071624064831317,3.8546111539296946,5.473178302332153,7.685897558258624
4.560697158904525,4.076903771599257,4.392232112307903,4.524796833546919,4.610590242805188,4.229281811783798,4.072225371767779,7.591753707043784
4.2706422455658455,4.498684990043606,7.677191350067014,3.7765903403891303,4.504264266065642,4.36970566396217,5.684534806262964,7.959319934212004
4.12920054955078,3.9931248297853656,6.038217694566571,3.661275926889783,3.991283686216877,3.7717774296522033,4.4313410920993865,7.1604630343477425
4.164870985507514,4.526100501548594,1.7016424139332855,3.8193500304957855,3.973332390134767,3.9769033084095953,4.499389549063421,7.382402572419304
4.052730385636569,4.1981276226795075,6.241971808021649,4.571651344529011,3.659327813764912,3.8724230460602365,5.740180866778998,7.449354097289184
4.589852004852975,3.652982665430788,3.623590921672204,4.499143208615853,3.6483430815621807,4.208758210020958,1.696884513597103,6.945311535099208
3.809411298376277,4.428815683459639,3.0653484247922997,3.9531066764237566,4.2715832586828855,3.789972281794643,2.7926475385963614,7.1131595332336595
3.827007334935789,3.8608204938135793,5.929089785871116,4.098694302638878,4.54192746381303,4.140856147820166,3.8823474803437046,6.912718069008506
4.000277492681361,3.867195121566668,3.9225276820405366,3.799976868692105,4.420598559166352,3.9311802211956217,2.6718660051482344,6.831737674857745
4.518638815850666,4.430405647345287,4.986020675126971,3.818604798510329,4.017762990852145,3.704498077710929,1.870145470886307,7.517662005369786
4.533238915340513,3.778351005740576,2.8607370666865557,3.9191020556330405,4.2128777951493666,4.1608211078039234,2.680491230786695,7.273372366922386
4.331552516267299,4.51997040738566,3.874797961852305,4.159054045267604,4.102810702913448,3.9570573192396687,6.15573200181991,7.664685524620058
3.935983286537802,3.6557087317423362,5.079505268435726,4.503670081767077,4.421644977741463,4.477104196252213,3.0815704913797406,6.6564938435925605
3.917424923436515,4.299128194658934,2.577566179306322,4.470845225487509,4.021149687239858,3.946089441191074,2.6738202943605014,6.837933725862668
3.7946505210800723,4.008836366609077,5.111091603228852,4.53520743063752,4.442794249173965,3.928940017894774,5.52544127317879,6.849821897189096
3.8047630445783294,4.577960857954891,3.84317320718552,3.9066828675128957,3.6781680373294723,4.428759649841897,4.042728504782649,7.048518203638443
3.8731876715861557,3.6793197174844314,2.7986253366256104,4.309050342931593,4.0405783477013095,4.3474171276000035,2.652254169967046,6.474720000666871
4.540519754420325,4.488432760495337,3.6705948994335493,4.434634310509353,3.6551035639005596,4.483462067074896,3.592734079966085,7.786805905885025
4.4995085728782,4.207260113701284,3.1887608593435592,4.453806928953174,4.558249896133553,4.191580635435837,3.7847242819626925,7.364597520066551
3.9315647912539187,4.534743687256206,4.039690996882272,4.1063638461755385,3.8041031608178897,4.631363319653986,5.14881870688581,7.217003973546931
3.6786484740278302,3.6558754508896802,1.14058099053891,4.083481530309435,4.6321905501988265,4.345080578355378,2.6654622268295154,6.123014704031817
4.135065105417261,4.128555473350458,2.620266664395532,3.797254426844813,4.412194957839899,4.083504818305073,4.433820017684036,7.1329392278614305
4.367020406515398,3.8973413690667087,4.46315386890343,4.535833659671248,3.81955160357921,4.521371936556669,3.093531724724722,7.191936743831367
4.494667112421103,4.211477368200326,1.2396161951412537,4.0075792921656195,3.9738516380192754,3.8749342206994606,3.714764580310219,7.190389752529157
4.0680914015633025,4.107305658616175,1.0535854218133553,3.9532413286390367,4.33853784173658,3.687069969323464,2.4126465848412884,6.782195710228602
4.139035456265647,4.4815100655480915,5.291085228352479,4.297956598550562,4.156784853744987,3.7231167380014125,4.347327290279075,7.6138973123461415
4.606843815000197,4.491557842179483,3.950607364806589,4.566032497242773,4.163839060552072,3.9815304285750925,4.960364388538247,7.815859669646023
4.423906833708542,4.518583068016234,5.906596874124034,3.680513841585324,4.084818398289016,4.117991389225293,4.385124411196968,7.683610121159806
4.145897733049849,3.8772700999974834,2.282950904987597,3.878870215403075,4.439947786572878,3.8992215688384513,4.151323258566492,6.917398034658302
3.7982190315042024,3.665048915468715,2.874120230850326,3.7176122606446182,3.8169040393412526,3.914961646375454,3.6768854621589253,6.57305730218517
3.921815029687213,4.532452466717328,3.6246952805375625,4.319557595968405,3.87454107509187,3.785846632924986,2.9515924235376776,7.339426192807575
3.6555025877721197,3.9579752365688754,4.081124478819622,4.350239779278081,4.0542493706105756,4.070815198228814,2.8943504906624815,6.3221188886423185
4.566566397068572,3.9177117402086457,5.439907399102099,4.448208175339923,3.6437154834492462,4.321073509124625,4.072258299240512,7.44910806880161
4.345889025066546,4.3025249167175215,2.1931531338135835,4.47779364692561,3.948790975269238,3.981770767284827,3.2130382369398687,7.276587721892525
3.785806507806238,3.7459551549796855,2.221352708287013,3.684638911981566,4.06735929995947,4.492725553241999,3.7760533229685476,6.478851542813946
4.6076367095874,4.242064676089811,5.0749004246554446,4.336227002366901,4.075878307714484,4.524786041850945,3.6251847139362314,7.626725850584847
3.6829067567015756,4.590440986134442,2.9645774864997114,4.050641486661982,4.5289392309396,4.041828120045721,3.8112770846687187,7.064799334777719
4.628346516670552,4.618106095722117,3.677547275519818,4.030751486848051,4.271534942785031,3.962715642646035,7.03440959411483,8.045979175820369
4.1632036899499845,3.8921747442628054,3.9411829025404823,3.6987922135287454,4.501344197850541,4.615683621027557,3.8914430992932423,6.89592994825557
4.423020741497537,3.891403259123638,5.064937234307095,4.21622823286958,4.3770415086026215,4.6309434147986694,2.016802480945061,7.065723009446945
4.544588906997978,3.7723016190256193,0.2950995233630369,4.236251793939934,4.014420750470037,4.089682664413192,2.502061367163087,6.980542549500268
4.175831493337633,4.573539334984215,3.0706194351755425,3.7774559456533665,3.7754926196532153,3.6961321227262087,3.126095151609274,7.274347801256741
4.620371033479733,4.051598406343976,5.555746439450583,3.6353888271695642,3.678322046148837,3.728409916893455,3.536470269365247,7.539428778525332
4.136256858138906,4.30564779257714,5.116576016615031,3.6354916774530737,4.4992618753336,4.01423846559925,5.48898508444209,7.341477130982279
4.448650269941461,3.891903466189905,3.1849649344534363,4.206598037702009,3.957227514512916,4.222085922261694,1.63449423798416,6.9571004317707175
3.8095536342527803,3.723400757326544,5.087952736318981,4.0609486528520575,4.4872643906997,4.316327955550735,3.056260073670154,6.645322550798926
4.401030379975234,4.030602400525336,2.7571067218361596,3.848379933872983,4.258374418187396,4.445584190003348,2.348718293717976,7.175179123732042
4.247077751479283,4.219720760854784,4.711972563224699,4.127541646205735,4.538180416721831,4.521710734547458,4.4021631928162135,7.334689319166704
4.37892521870623,3.774586229072427,3.4280498652186324,4.4483774819136395,4.0021481684553795,4.588015869423691,4.52341426923946,7.20271261658118
3.70332594301486,3.855713266092773,5.785879695131287,4.024411854361619,4.495207537897968,3.9862027308000885,3.7573552802172294,6.862666493474536
4.615816397446657,4.388489826967511,3.5939694285215014,4.247949806021098,4.573707690996333,3.819990173918502,5.641252157249231,7.957448056208464
4.339720103621663,3.962440726992715,2.465689936713192,3.9216380438168517,4.251175192930064,3.9617991786231896,0.19740542642451375,5.669046679016045
3.725875363377813,4.346511355065093,1.958816529337505,4.125337793095878,3.6664202897952136,4.342943719874332,2.6333659622844166,6.739300801110685
4.432608990089609,3.659316742422297,3.6969166630789188,3.808162458450485,3.846851084946333,4.267948190663256,3.07844558746908,7.115731858642964
4.13317523313232,3.7065051669322524,5.370954038736241,3.6495641976991124,4.016825469990603,4.4069667176264815,7.204402255840182,7.167965171923009
4.005385833934552,4.20018277280187,6.352607201040791,4.1674010260784335,4.278104438013911,4.535712432459266,6.217288118444166,7.418847227466103
3.876524956209389,4.056833178490673,4.614604534312493,3.7620791460757874,4.223548930056068,4.03768878507538,1.8328582178665045,6.41731206690239
4.530812723914098,4.136029769295943,4.834172582970724,3.791628606942824,4.49927153810057,4.0683104657104,3.027577522050351,7.576471231362467
4.102026109838804,4.126018596655523,3.397243973333416,3.766726675885949,4.050955304030478,4.516742828421132,3.156685972290175,7.052835729940305
4.003119756559896,4.612413058911322,3.7940648448341068,3.698136241052542,3.869904083017236,4.367754913776826,2.0053726915479198,6.89436885667424
3.6767299001174427,4.157845296868901,3.029050193118444,3.7648414982527285,4.431256465866125,3.877981171127787,4.1043661477483475,6.845916190672496
4.286550556103583,4.0276430399695995,3.0798968439503644,4.538509475762136,4.29282945703604,3.716010844680691,1.5661035657769466,6.8583005416679095
3.7090650375838083,4.548129602953259,5.1451246260459325,3.853125663655763,4.291039144401245,4.237384135904615,4.103236850287287,7.271611251688858
4.489656547164783,4.231681631322642,4.169433412425054,3.6575933210849034,3.9828809923937607,4.380527797763943,1.8523579487698085,7.257166450096436
4.493137133784892,3.792921539861222,3.918594003240075,4.247062225954936,4.168430232655097,4.135023111346794,3.8383670261342138,7.226755296221142
4.4594347393348,3.8901689657964993,3.2438171025943165,4.097322359730597,4.32125454792579,3.7475844456257823,5.555432745964926,7.423266529200839
3.855000630628241,3.8315189961364946,2.6806082155598654,4.084795223849464,3.838622429562013,3.892371261468504,4.574762926846611,6.792381380205223
3.983201320118851,3.690815500896075,1.814991578207967,4.218259310034188,4.285068012822077,4.137765975107009,3.778515533041525,6.73320180413833
4.118313692070028,3.7586419733272147,2.274829142968802,4.305591571127856,4.337538946430363,3.6739073703025826,3.4081232246874973,6.651293217026538
4.347828469534885,4.4542513722972386,4.72115085781977,4.392996154407093,4.349529646921539,4.325047940039072,5.870111112137705,7.73915491475163
4.109234313089643,4.3686210132736685,2.752664242781757,3.6394127882861045,4.005558819805559,4.366835583264356,3.0326747228921165,7.06503019296932
4.3837435713476225,4.602014754886429,2.2561677616926086,4.560248449636433,4.582975984923997,3.9197308070546444,3.738607417678124,7.610046613047451
3.701812094250345,3.932805713512106,3.124415857668306,4.132914637082701,3.976851225567764,3.6345248888465638,1.5202162417977005,6.430670186546432
3.8353049242971946,4.424316451186359,4.762267278521293,4.124824449430604,4.114609237352007,4.196325556302668,5.215512198937608,7.146483227478467
4.222024131149305,3.8778650609162164,4.0930134835944,3.821319232787674,3.759109873623556,4.305310183343472,5.074585630611453,7.11164560301205
4.257324452149268,4.471122006997168,3.6847557218592812,3.9403801614470852,4.250365117263474,4.624158017946131,4.432218566137956,7.479886121188721
3.9898722625663177,4.455048009682308,4.029441059581851,3.678048692568145,4.074653364927399,4.3202038352122045,4.693206340383809,7.172333043216639
4.035295624444606,4.267098070677698,5.905891084644892,4.538217614136823,3.8228678447531013,3.890336871541419,3.067846755366578,7.175458737897374
4.137428065132124,4.589980505538269,1.68635759042725,3.888052333067008,3.696071724421045,4.142369189746077,1.7143230010330412,6.9538004414899035
3.9333345499974706,3.975956995446668,4.51438592143252,4.621648172786191,3.786040788023032,3.947355720962928,2.6478983203878736,6.778946580388315
4.513852087510225,4.296967798525104,2.9794401454037343,3.665675133383386,4.5867211705298665,4.098966475677514,3.32211030426313,7.423493957734205
4.2386177231816315,4.327656144374235,4.299291742329151,4.077567350465384,3.872435923290994,4.6051096881631075,3.3888334062139127,7.149253970028376
3.771944792873286,3.738464334530376,1.9693554660974177,4.085541774008915,4.284334407423518,4.240674520629895,3.647285952373284,6.484558349381678
4.505325411144687,3.7273685256236564,3.518479686472979,3.9462549116729058,4.252220325161105,3.9860577220254156,3.1147780268878877,7.1000102028744285
3.689210788820504,4.539501775808281,1.6477794580249654,4.409939948344072,4.610019333328387,4.11833312066335,1.672411811574584,6.664177349497523
3.8869093070980965,4.317009259758125,4.207401477123163,4.380586482041739,3.8202988226407824,3.774487578509962,3.3086330099910666,7.122690821707383
3.8227159677736675,4.053207725787188,4.760594657519443,3.7360618072042686,3.893614282959219,3.939931976174323,4.055324475053728,6.6778520994402495
3.6748511637634302,4.5178932295622065,3.9157602261977646,4.151686891835735,3.6350053448211894,4.525465390725129,1.8703428730423297,6.653659191016542
3.8164611941011386,4.501837041331948,1.84319237953948,4.453433583990979,4.631368119351238,3.9794272776598754,3.2758734504073233,6.79860444090101
4.216940033477561,3.6330615788946212,4.665092335216785,4.531694058069867,3.82095139773891,3.9602587735569146,5.005334351474473,7.207091230276767
4.353803948245921,4.293157192513549,6.511031359418163,4.2313568973934075,4.0689134768400645,4.079758903526773,4.958058005246436,7.740519324637049
3.7153987098898003,4.5115142577081695,3.4083227624179613,4.228564198797586,3.7730168396371773,4.117638519476008,3.9087113703919085,6.950411321009314
4.593807125450395,4.536939222041898,3.3631970534562354,4.047646079273132,4.319437543958891,4.091527285913492,2.766379252090396,7.446895993990374
3.868644346439815,4.009177339202673,2.3696664892854473,4.5444802307632095,4.211528578967947,3.7004426898504748,0.9745282651894946,6.192068747648193
4.034054310437694,3.6522067583435125,5.314171841478408,3.7089293775932712,4.100497154079146,4.137572854810525,3.5887739124999016,6.916133504886223
4.050445933023409,4.183895821310541,3.245532412742391,4.177567109380842,3.8865482561152285,4.208393875587461,0.09356564019144596,5.386765723707228
3.7555440061813417,4.529182450077391,2.2643577744955095,4.366789191444321,3.8520239302117045,3.7426035444603127,0.9729338377758037,6.358144956627547
4.073089245702112,4.246298494558626,1.9589560001108877,4.614592748540893,3.911616764642603,3.64880250012694,2.0574690973895455,6.649873347411407
3.660762368095136,3.955147824138497,2.159191997718263,3.6751344264642642,3.7859625900574483,4.000937470403757,1.348617837936061,6.06166099778702
3.8378032399971755,3.9287598030098394,4.4108411715742735,4.2063839008058475,4.503866864815773,4.608507227893313,2.846976811922963,6.632819443316877
4.2925377880105335,4.0403555713010455,2.6108402645952262,4.031083872012309,3.959675394064797,4.151604629671555,4.030105372977919,7.268573595493882
3.912679002219781,3.825105505746191,2.605959166737128,4.411378881938102,3.759291317958144,4.595115030792249,6.0480270625660815,7.021272068317581
3.9738101753971002,4.11012403200904,4.262264762118435,4.126577926712835,3.857548453850726,3.722746128952957,5.900440951787688,7.274291047718805
4.567143569464445,3.925359011549626,4.923170050190496,4.076179182911679,3.7019989188274933,4.043317425781859,3.0579671880435826,7.317572214075713
3.8659963152758707,3.6343078533656508,3.7327789979509327,4.169575786179214,4.524737000973921,4.334856251970276,2.25244689848681,6.362356655233527
3.7985229160592042,4.246476592790458,3.743092412224605,4.071701085178631,4.398096920527157,4.317322921086428,2.5816428897955563,6.799258486000306
4.156567975373292,4.320114859527516,4.737611289040543,4.494637924718273,4.16630813940338,3.970276001174848,4.5796363231896695,7.5851678932401
3.9467946856258647,3.7059933869483763,3.6599689223029963,4.5244831988054495,3.814533399240051,3.6987663058838165,4.674770768856238,6.740530248921079
4.489271785569562,3.812766135207388,3.7875396199029807,3.9324556088177536,4.085551731930266,4.601080638341738,0.7493870934466247,6.6195223487446455
4.560548149690013,3.981859044591278,2.9532974436334194,3.6506573826329505,3.8466224437186414,4.070739350954911,4.270667757173216,7.577019676928954
4.189709625639306,4.5127620352194615,4.203448355408142,4.5869967924693285,4.265486348112384,3.7657693477449263,3.7308624108484003,7.359120663224442
4.363614315272892,3.829237125915831,5.137896399997511,4.570310682061973,3.768452598191946,4.127175550916949,4.465197733319221,7.355569489442259
4.573639264006539,4.6077939577626115,4.2347655289081585,3.845490912249488,4.31191731025079,3.9582166835979993,5.40447134018562,7.851884205738232
3.663967775964193,4.040115957654063,1.8880913912088575,4.529297815831894,3.999690728097684,4.5721001691142265,5.774008600690614,6.617666214185274
4.497067366346306,3.8810850225935973,3.3708884295410932,3.6836728647273143,4.2154216699094915,4.110632938165953,5.74643295027461,7.545966627202557
4.20449574477318,4.332563505215625,5.7848674685456025,4.5008068922943,4.1210781342928655,4.29910938486171,3.2778079322846523,7.158000167619023
3.9242178128448892,4.230047874984905,2.99176146913141,4.2189668802770255,4.423438100822423,3.990217252525532,2.0284137569977445,6.7502711656711405
4.204505890440982,4.572123369345949,1.9128397685873535,4.309152991291861,3.9913619251557044,4.391745564529601,2.807426834891636,6.967071091341462
3.8612414842708334,4.392702627466862,5.60520996284695,3.933079168486673,4.307827359928155,3.6944940074954316,3.3446149815734185,6.999544390095054
4.581629468190782,3.6411601819041954,1.0365205901135908,4.0211261860346585,4.598028096031096,4.520124412414309,2.251335894776869,6.731275071515639
3.7175205031794616,3.706428293023598,2.6839308516306057,4.231511192471562,3.8339680699269016,4.356111201942991,4.111250671029519,6.442885867022746
4.575357189677538,4.344435727781888,3.2011782191867244,4.308567933840239,3.799391675635181,4.279430883858488,3.871954725922934,7.712169904135635
4.585203831477241,4.330362566410024,3.5647244028954925,4.226854749210693,3.689576559689485,4.575701137429816,1.6708335615153183,7.392558592795376
3.982663926336945,4.4595073971742725,4.1003890980659055,3.733640284580884,4.220524373670313,3.6752006930058365,3.4926985321980766,7.2558376722289335
4.16986466620752,4.5301532937098195,3.728229259050264,4.228288059417292,4.505679948097016,4.3082201120143235,3.933604738914674,7.370471504993698
3.938670389960287,3.81976029314117,2.0346785600183446,3.68475952072186,4.158496133252392,3.703296290049543,0.920930982005467,6.072819197988325
3.702990890716101,4.351120328154008,2.438565751692629,4.1116352644006495,3.742833891637555,4.546330281636802,3.285146625251766,6.822972938721421
3.6994638892024225,4.517122559469171,5.816928962468744,4.601360423101163,4.16933085543963,4.55931225427857,5.981137145364177,7.345461295397983
3.802863379245406,3.6668849105684846,4.943381976096116,4.331590540600956,3.8348690162598364,3.8689565276367666,2.9285272890294163,6.3595655225858225
3.7831224700336636,3.6959593002784934,3.711963063142284,3.8029602662263655,4.577991449881012,3.9613146783900084,4.110462727400619,6.46614499801926
4.283371778167188,4.463886056968323,2.9626975314211443,3.943002114345008,3.8748380982924675,4.019586767324307,2.199045400393739,7.1958213938718165
4.5998765724600545,4.081218412956341,1.0349034187894972,4.370888012245635,4.2939199146591225,4.321943315639491,2.3756597377014192,7.155683775334798
4.487846712044424,3.953047383634464,4.643012667045409,3.9669888685930736,3.9726629054743996,3.70431664147464,4.919358736025586,7.585276156144498
3.986837028883935,4.212558010419077,3.7855969179749,4.201565527744797,3.658356387581241,4.4815809216289555,4.476267119365306,7.143565024007554
4.584251352523816,4.296397962854487,5.223967157176877,4.298988955972709,3.949619101063911,4.034967116168434,3.629650852642122,7.636977244553012
4.044148758018458,4.167072274016652,2.9203326512956953,4.294782521211161,3.928024013871878,4.231279031770281,1.3228644741758515,6.5713421268521195
4.536018909909667,4.032121322707772,3.669030872768993,4.329953500313158,3.672121918619288,3.8083252753222534,2.493633283781303,7.182706921481374
4.192928174788358,4.383180299644666,4.089748360895081,4.265855728743471,4.621688094441614,4.257629802830218,4.152376060821748,7.462804453653359
4.105645335953209,4.408180060348557,3.3669004288499234,3.7625519138996624,3.9307230711177,3.87519047527276,4.9045964570714915,7.236779369565955
4.548976104983332,3.634826930277763,4.47925849156513,4.539200065131704,3.9084463689864086,4.50283222347257,1.6079241160150088,6.8608463838012534
3.797923254474524,4.353475806655027,4.702951973380372,3.6382884100553032,3.6505629513350253,3.9407894676860287,4.748218717615863,7.275503992177825
3.733387066492819,3.6513465858685596,2.534226832582944,4.3533021917117765,3.6933545842151925,3.928197463639654,1.9369376925788573,6.299713699176886
3.704785953252499,3.9567175357377757,4.961335838751301,4.272338200720214,3.665319552036011,4.235423600591302,3.066071080785481,6.6986527507970255
3.7115975325465778,4.616772005019969,3.5766629033903645,3.914953587870284,4.246063167312743,3.8565019665114986,1.6721351441662229,6.590306547237514
4.543245752552425,4.157023217706448,3.0991559685132057,3.6523676963061864,4.244463175016719,4.099102295966198,3.8316445973680837,7.420017586113971
4.343401968794782,3.7380035571015626,2.5039533849292392,3.8529502561164297,3.6903430484092223,4.498971914905661,3.4317856687901855,6.8147929715482825
4.469744963236783,3.9052158987573184,4.020863765708325,3.842438504039106,4.324119453450365,4.453465597545797,2.721321935724828,7.207473272365355
4.094496155206338,4.52208905194635,5.192443263584892,4.474987678874454,3.9977607664193857,4.520061410623375,5.066497471700449,7.3984283236782975
3.731694701784271,4.485105351338851,2.843382167376489,3.8549547955576204,4.445088262706766,3.659071770471211,4.494799497518063,6.9072188917092765
4.198149740168892,4.396176871858026,1.5850334807201265,4.320884228491097,4.46180152849186,4.207580313384637,4.113011777673168,7.380885545054433
4.579827400547119,4.221618694918838,6.706732778352013,4.550891869795977,3.653807623711278,4.0754667789040155,5.5331117472727165,8.051818515256869
3.7741259284959257,3.866245331577828,0.5237091614153635,4.0109393455879205,4.30366617247555,4.503179277932675,2.7678528987959363,6.485547368509874
4.612920898883747,4.27315122114528,5.262413015760099,4.54605170428194,4.303469871448565,3.9297156711497303,2.7350357918929062,7.646000011384613
4.416195760179205,3.9139887533911746,1.2792948588462307,4.173382853465381,4.614411580647713,4.39230123019736,1.21467774535334,6.722450832521291
3.827130954176615,4.4763142802410245,3.600394853353765,4.57554242061588,3.9017343298255125,4.394552963715448,4.784317926050534,7.261422672639141
4.226703143448886,3.905521035110288,4.417563772693021,3.9940053117625243,4.346686110292641,4.248387738936604,2.6579382325365613,6.91554777808555
4.54829359500843,4.456405858994291,3.1359954706260655,4.158442271259788,4.5352775169063655,3.6819203513402194,2.6981465540048037,7.471562067063283
3.7777655260573852,4.096699822629072,3.1423202415870586,3.787192187799668,3.781658962622491,4.589942147202267,1.872133954444292,6.575125717503109
4.517810994500244,3.863000265725066,3.566866453651029,3.755180888196264,4.572205997241476,3.883239982687967,4.583574972489705,7.402521737673411
4.455502698533283,4.065926271269955,5.886795678739556,4.047445395539253,3.69263734621696,4.064273083556504,4.589225814476123,7.528220383099519
3.6894723087244325,4.553836753252405,2.571951447423036,4.609353980692481,3.898045034207683,4.504702593432571,2.99921503954495,6.950928225814406
4.3400621681679405,4.286124638010931,2.167059164888355,4.153767856286054,4.421744989819295,4.480507788570069,3.1058057222122186,7.046788468138216
3.7678395733082044,3.8260540677453365,3.7896993230645153,4.059524903169425,3.698807080041835,4.144992528234018,3.583777865378392,6.649982140068619
4.2695179171257145,3.6692541061943844,1.4615520007154559,3.757652650315507,4.028947790736987,4.328775163579337,1.4921774953690576,6.372272162098944
3.8658825533940284,3.9430776274513346,1.1063767178437187,3.9213941483674453,4.249105405490816,3.6930277759184262,1.5546077502627997,6.236983329677181
4.373420242202338,3.900825345433855,2.8472330693685493,4.313768853898523,4.106601213531308,3.8488865845037643,4.635752230014137,7.277652366477755
4.424800555931803,4.40704125933158,6.422264703141299,4.259436433543989,3.7979630584306716,4.387199910953647,4.702858953922457,7.781242456107303
4.1881627261417655,4.010858690101153,5.298910088435933,4.295026499191805,4.4368811008627445,4.468524816301935,3.552008194313428,7.401043138169303
3.66998335956415,4.2418760531184425,3.834127448521936,3.8053332361092562,4.387662464060933,4.165670728361884,4.9988155978024365,7.024969684213066
3.741606430091697,4.4283161358211816,4.104728797282022,4.390188959532289,3.6566787661581954,4.183417867332703,3.446605194439536,6.882347709133014
3.895753845732242,4.521487070844284,1.466490338678566,4.600580365763042,4.564197847964156,4.265252431241751,0.8034794209740084,6.144904449698302
4.56277119448212,4.012456045920739,3.499544512664955,3.9188305922850275,3.686119725542698,3.6672434107419565,3.820020508450181,7.531827505329242
3.8138943318479206,4.3351134436201,4.971788254502673,3.778177567725787,3.8788640256971045,4.122515648053625,2.9598490159093123,6.876664665984219
4.146848279243812,4.613599891863324,2.3488044479986727,3.7232468465024735,3.8683453669186068,4.259668717952696,4.141537851286991,7.440953307879881
3.7325329352406977,4.18728159827199,6.404264928544412,3.8447371024449146,4.450033579851729,4.131057836360322,5.142358575941364,7.002927132788068
4.604705504167572,4.251780214007125,5.037512599639409,3.935001652077812,3.8816385107678673,4.157027761955758,3.467004114279295,7.7219690942039065
3.7553172809258126,4.133248551299182,1.297533501451063,4.144840076534557,4.5325246923716,4.49748942221996,0.8957101446400366,6.011492767602632
3.877712409821926,4.597660289115351,5.673206212923489,4.422012309740651,3.870098809749123,4.088539685932462,3.8008629043324955,7.225376001141482
4.036139337033808,4.075863606150475,2.9479324955506363,4.034843979905162,4.4184516504938625,4.414543323261185,4.866476381898552,7.143348453212184
4.15497815627569,3.9395615180966463,3.195114544775205,3.797264922935233,3.676551739883694,4.075936956334129,3.4640539879320316,6.787141645115339
4.529949608185152,4.597318233434931,1.3017563721041006,4.275708039315476,3.906307747234503,4.115709702202866,0.8478392034456705,6.9567319024001195
4.586406768958683,4.513478558797707,2.0071653938402285,4.442941917758333,4.486213085200227,4.600456081791343,1.971770381252556,7.576423159698736
3.7312930815802,4.276761383282761,3.927611410664559,4.1471736854887435,4.241019073221681,4.599102186510658,3.2491041852582376,6.853230093147807
4.143707394130999,4.222513416039368,1.9921926240195558,4.470074442317628,4.504623812750648,4.079024181611108,1.4718262543518725,6.635556708930932
3.7372401256237655,3.987713761389271,6.210353585268729,4.139708856315039,4.441951638967047,3.794345884891026,4.368708655135757,6.99471813743747
4.39538723336147,3.738195471433626,3.052604734291058,4.114061322049567,4.473976356421781,3.8481863009275243,1.4508357783121406,6.619807537583576
3.9873538108200783,3.7327856283505603,0.5332212661766942,4.435514646370361,4.081055926097609,3.9743526791026835,1.3670033828966388,6.274728249566256
4.200178207207186,4.3613323084874995,5.286058321427434,4.053522738532745,4.276941085204642,4.621862413506201,3.887777689197967,7.570902617783676
4.567375449349804,4.132198788593783,3.7357805766107655,4.432566485149646,4.617152529626173,4.283662146585161,3.4591327220991004,7.488328719757361
4.353121904475235,4.186342883442232,4.55865526234515,4.0372191662271915,4.58676090322483,3.704712638171697,3.0692184916403225,7.307422744571257
4.310418099125009,4.3368706764658,4.1198661595390265,3.939195896447832,4.279301942661734,4.08975917589032,3.5589939875226166,7.26990677078608
3.9245581661572424,4.451231455215129,2.2562964067227758,4.048942506938952,4.408226748565122,4.325615287755195,3.02424544803522,7.084599351394819
3.820973324505595,3.8388582249951604,4.876310729706972,3.9655060978553385,4.178730990052326,3.9986474283147806,4.294157764560668,6.708310535514131
4.562657990007712,4.2778168654446045,2.5951160390788175,3.659784109791571,3.8108834977574637,3.9217829762091703,2.328605841738115,7.499063398508477
3.8578458701324556,4.603680525244654,3.7267558813713175,3.9024804116083707,4.456028356595207,4.262686178773363,1.5948981209517363,6.9899351878173785
4.178554300502755,4.131780758529965,2.53074843506342,4.0097321561302115,4.616722162968642,3.95033298023919,2.1057540305013958,6.917594078582076
3.8751907663175684,3.888166903782993,2.67933082004486,3.9399507845377033,3.971375496807122,4.113024519087951,3.1630140074984148,6.772522722650221
4.36333148095985,3.6616917693678768,5.050490401146616,4.245740642695257,3.9793255157524645,4.00348289386593,5.531311656472095,7.3230795403808235
4.109276541679595,3.837620471507569,2.2599680545051313,3.8546191656626587,3.9864835850604012,4.478286138392292,2.32374109381114,6.923497198321662
4.232843843829091,3.800421209434424,4.150559443822433,4.230959576251837,3.977027432286073,4.170471835751435,4.603815607383585,7.199292484274725
4.186471938227115,4.516449865870799,4.88682911758891,4.404942640629211,4.553205025350588,4.444960362851386,3.982022157667481,7.605953436527139
4.146602855615248,4.302343446310761,5.1539938556786975,4.60994608979772,3.9026443156668114,3.9097045928051712,5.72876544286841,7.431215641731403
3.8036669387688984,3.9068207910721724,4.816125040288112,4.422001664497928,4.219189078736068,4.391604259859317,3.670928780863275,6.957448146084708
3.6630431030570754,3.9799939056851237,5.313375767612202,3.642596228509604,4.1736362893874315,4.076870808913711,5.238563661806577,6.798978521752926
4.1056670905904635,4.63202926965601,3.848330761392704,4.237106801727425,3.869789332359358,3.820539282355986,3.527108928402003,7.371628295461118
3.9754901237236973,4.312090682712971,3.7729068234333893,3.6849669794442232,4.601395466903783,3.8336884316695614,6.512258307938712,7.398759911369785
4.606116190733023,4.265211024826842,1.4356679207023153,3.81004731995128,4.5053488697588335,3.697925134812247,1.7613626272468166,7.278585443317528
4.29251738351005,4.477942665947042,4.1371192474238265,3.680452837241065,3.787436534182335,3.734817820226453,3.685584211750745,7.433655180395866
3.9419611857567003,3.6571878533547193,2.9077729598043587,3.713040773031524,3.7278298660339084,4.361800665092209,1.910676552232604,6.500193512311744
3.7311629760706633,4.570038150270134,4.731857429056395,3.7426324871089602,4.304370624349346,4.318388255102572,2.0808378119292175,6.927294087007396
4.071858142852751,4.225814221751397,1.678964441608664,4.24866340296269,4.119553023583944,4.422206004220971,1.085614580127873,6.392741434997245
4.267822245381948,4.046030850573173,1.9008066301360274,4.060832367434694,4.065245852223509,4.492694785466519,2.2336352106494943,6.6440167487958695
3.6665782383466534,4.591043876548067,4.121263557279811,4.007325685226402,4.081531164633516,3.669817219497517,4.894198454565313,7.197308997662012
3.8201811007285333,4.225235414831646,4.896956895685182,4.201273850964429,3.6718041889665884,3.81120183362215,5.288132576012096,6.832393671707046
3.7630391952048696,3.861644871328266,5.83800355650563,4.446266258861954,4.461083538611084,3.697092824955235,5.552959054196881,7.0151675012612325
4.11459885143245,4.098213810583587,3.5242082490744706,3.9947733224752207,3.805563836398781,4.554384395593754,3.5720244716824077,6.894627438348692
4.280398215670759,3.855982015636576,3.7610311235292926,3.9085832005512464,3.6365068007550194,4.0277018964624185,0.3069187299476952,6.125452024889568
3.873051137090441,4.30489968628442,8.41976954388304,4.30522985956399,4.220850020627328,4.452598272573468,7.9410824784110865,7.4788139753238365
3.669757592170446,3.9107001565081188,2.7960414038118615,4.453365671301153,3.9582201034513536,3.652165487804585,1.3452638374780377,6.030157117439235
3.873667017465565,3.8805161860389124,3.873229264565054,4.184908191328281,4.626873111694628,3.776676695127962,2.263969632881967,6.445319014655653
3.9893047904687466,4.516140223487682,3.4477959332911925,4.267055061358504,3.662027729690899,4.373575098305285,4.130394188667706,7.243481414533067
4.477113024031125,4.42918970694918,4.6838884904831986,3.771109493958677,3.672007204858533,4.282329324448814,4.428814580150763,7.79109265622053
3.750953074203503,4.239456628460518,3.651473469059971,3.848509171426079,4.573176472482025,4.039636085403063,4.372019763829282,7.071909394139899
4.494482338938967,3.827721971449001,2.502795526672404,3.6598444362006237,4.561828264052151,3.8769894214208436,2.1655348048862293,6.980265906418786
4.299121743142374,3.8725852853462808,4.1126675524524385,3.992087021461387,3.917104867113988,4.507106033470879,3.565058025241393,7.3102528290625495
4.4242646910897205,3.9045450708318925,2.7692281587679766,3.857137748965233,3.738595322212941,4.372839240762647,1.8405531290570798,6.93311673013597
4.04557198523925,4.230702385963716,6.907992083267585,4.483136328134789,4.41229549799471,4.068146700457214,4.878787187751865,7.301446286863751
4.6215418447953045,4.55461050777866,1.887403372640099,3.732504182360935,4.579399324271292,3.781530823390046,1.8508058465176032,7.604475849700935
4.479138154477123,4.056406992068419,5.751571509122307,3.8136213543569366,3.80804855633147,4.45654338949937,2.6654360064421723,7.3404532516512315
3.649672620340414,4.5151979302576155,2.773827214301445,3.6417193692124683,3.724938427176124,4.597718253630637,2.532046350310725,6.897835228745424
4.292540075937296,3.988024484555712,3.5734136509654277,3.7849163509098243,4.370328159969632,4.1966853504085915,4.432529776714538,7.279157912158105
3.729665886886463,4.494493811893839,4.978436073713386,4.477607043804354,3.831714647325051,4.252093167917856,4.235734294406276,6.953189289757759
4.452918407546606,4.438275984951552,2.5077059783484406,4.172929594889385,4.586608555034829,4.521474206117561,2.074547413861913,7.2613730601865205
3.675767998152096,3.99389561252227,2.6069345109826436,4.3234387197233906,4.003496880048509,4.6215794834866,4.005095338221581,6.504781134705446
4.580348745493137,3.80246652978892,3.55068089821927,3.84780841818683,4.033215948916093,3.6394415057465066,5.069326260676083,7.568351901358836
3.6952097937591666,4.550911797645025,2.047712321730295,3.744095019291835,4.5653903622343,4.585103700014558,3.7617546170698697,7.008757974830334
3.9687444315340357,3.997494006466066,4.182761724111314,3.8968285725075136,4.433284619299694,3.790463556342599,4.776855033112598,7.047361456927383
3.797128565026323,4.388795066091721,4.0085495475639314,3.711695354733018,3.98927391320006,4.307764610254976,4.1550538393349745,6.970808217109557
3.6946802017593368,4.565759751563773,2.857980130523638,4.338553228226591,4.428191737422854,3.911067600346958,2.852688227185013,6.842389001598251
3.9379847846821616,4.1065240937356515,5.902825229502837,4.1264111045743,4.477027375987983,4.5926268632773946,4.690365602714233,7.233860666177562
4.427503382888727,4.605738959001276,5.271591890974231,4.123988342444544,4.392156464852271,4.016193288147812,2.0048229126538555,7.493041458768898
4.237169659602604,4.453148885451937,3.9920096919466137,4.401734367981701,3.868479087658162,4.265328778955165,3.4538583117587778,7.4732259324289565
4.604688713173302,4.172844144476833,2.3119825517335277,4.492111034826094,4.213454248442418,3.946508903949671,1.893216797875103,7.50688357299115
3.8230059665049385,4.5239034707734795,4.279464845504747,4.250162706625254,3.771184655155754,3.994564386718991,3.0744168816219886,7.137814909473858
4.353529829684284,3.73941158621306,3.419682585141653,4.3252632795276496,4.177075717532713,4.237388014661416,2.502673824765862,6.849811489277559
3.7790238920062085,4.118220223740597,3.7856175070986025,4.169520128975263,3.834796986842177,3.777264189573681,1.7102063019140674,6.428570230663044
3.7271710614522027,4.434431738447269,4.751107944387174,3.8300383241798515,4.571650295819347,4.23818089100358,2.714646892313729,6.651083904573757
3.8619202137423208,3.7230586307872335,3.705167604930927,4.406544908472382,3.791899798989944,3.8212288252912097,4.381640106065543,6.777646343460561
4.342940269411985,3.6950137827265066,6.056433677653324,3.6606441233821694,4.331802024273131,3.93211744053376,4.503535620206819,7.182508453674994
4.433921961772155,4.470693937856481,4.828431181681911,4.0593170287938705,4.227307140227196,4.1781629840747145,5.172448565839934,7.741760469030632
4.046206960126452,4.377260931281942,3.3792387077932102,3.965191156253433,3.8356728943757887,3.8772687570827866,1.0693437184351589,6.762984783733203
4.610542405706672,4.586751747757542,4.7382818268828135,4.403428024062082,4.580219854727174,4.56304622636937,2.5183087787895926,7.678610315195927
4.546119997738188,4.328153131617577,3.6033146118892554,4.406490870782681,4.140835123843209,4.599564776328105,4.875127600470596,7.627909527528073
3.762130588194461,3.9482583910322453,4.878189089566469,3.96920495855472,3.8758865207888893,4.268911618148332,3.509590354501103,6.5939802269346135
3.750435206681622,4.005519752459093,2.3320213324669243,4.326980444658043,3.8605258917497465,4.029651437167224,3.868598294429139,6.524417505014862
4.087836579639081,3.8399959752993467,4.667980199271664,3.9889551625452797,4.4625174325915715,3.9893697320693393,3.9650527333002232,7.105041676051342
3.912668231127127,3.7383782432543855,3.2787075235265526,4.627447482941306,4.27567232235381,4.495816468934466,2.3422345037014263,6.421059082209492
3.7581908834194526,4.240514500290826,3.1196052954559432,3.7053940963290146,3.687308696939899,4.461155522793135,3.5803081750990007,6.879063303053447
3.7288299355303676,3.8159854681199152,3.0198836952599004,4.403847389802255,3.9360031829100035,3.812505844565032,5.309244311808421,6.7963613377696515
3.9058596908239136,3.7614340657849388,3.7262879143705887,3.660010472665913,4.609459953965425,3.6586739820493723,5.873762537220352,6.941714364317496
4.376250599152477,3.714963642276494,4.231728990799704,4.378679074789084,3.901896582506154,3.963775655343447,3.9315287111565507,7.017065290519626
4.569604194174147,4.372052586930698,4.515087095477517,4.510970570447139,4.2543978754441385,4.100656388808353,4.519871706405288,7.77936040377602
4.3009089969378795,4.366882729734095,5.37637131037125,4.207504455549,4.216031379664244,3.7878069487571433,5.052915924692588,7.481360194937981
4.139853320540294,4.054959930008363,5.76441252867031,4.522248461099285,3.9708808741764945,3.9681142323508047,4.521511982547504,7.265734514579218
4.092890993607361,3.7630076991923493,5.31473335430195,3.737255712787508,4.29248979120652,4.032391037884382,4.965011607994782,7.164180791136763
3.8567863212570015,3.7932336261317285,3.732572215546815,4.337492073199855,4.471859367053926,3.99405056337659,1.3548205975025631,6.267851954762558
4.56773674820385,3.8514509268996395,5.485590033238572,4.560718117370211,4.586130006537676,3.706391494136771,2.1640291513890166,7.263494917992774
4.143789283160314,3.6863962606951133,4.247755740112538,4.049303233716076,4.476550552905368,4.4239822056609475,4.064214266830577,6.90133707702778
4.435294566255423,4.082506889612164,2.3184023383695314,4.049722510081383,4.332324796958145,3.672676990038776,4.238870069569127,7.523829681676935
4.360364641878935,3.973978256420525,2.402036063543999,4.404065531397176,3.990553999879178,3.9458008689303843,4.870587002329061,7.352170630105977
3.880264234423485,4.464236771566519,2.0615698228721455,4.123643292273684,3.7517289429928087,3.713270834488479,2.0709189897590896,6.760795921048891
3.689660080076224,3.7060910625683743,1.4345031005708897,3.819792465424062,4.009749055425794,4.213131881162615,2.9252415597062065,6.222932943291971
3.8213759126320013,4.2409655420953,4.543173693059527,4.5475645183904865,4.319767100729351,3.775210638528404,3.936084476469674,6.778605382912617
4.349230570809916,3.922303505423128,3.991927262070089,3.703886115224351,3.6992966172499164,4.276466568158718,5.526874442134658,7.412425364794816
3.9982638197099654,4.342264941320986,4.054322073843817,3.7174831119649703,4.038834598082532,4.011580827635237,4.501370447509787,7.2685817798413455
4.402217199455603,3.914970878601659,3.577318072721281,3.6406798373112417,3.6988317150606838,4.224608851825104,5.063282955747671,7.509090526211098
3.7804645810372466,3.7167011288519167,5.773830032558966,4.17821986332405,4.229111541288808,4.209023542571439,6.713130669397163,6.838485587196677
4.237206439517848,3.723104389411603,2.2057169354898414,3.781170500522102,4.493923474890907,4.630256229481792,3.307715088687654,7.042144458769694
3.692815323328175,3.824513731209227,3.8727607346708046,4.543340594453,4.144315266082176,3.7700161053100736,3.3332370575836037,6.329881164408281
4.00064275270471,3.7605304291340445,3.9227900059213634,4.114054525990161,4.238947267914411,4.213983253445027,1.5190402073249416,6.42659856716828
4.050011227358673,3.831880098672547,3.483371056193774,4.142914505380036,4.244243935055109,3.8723768288562455,3.6936063137213275,6.83246648059272
4.422869485286861,4.248100455401486,2.2451810472351696,3.753936442023674,4.223983674144025,4.230268078282284,2.7102784667808444,7.328854294750423
4.192685154746452,4.216882117805054,3.7357259949982398,4.322684268329624,3.884695378242639,4.248217716996701,4.921609392556925,7.381467534632587
4.025303538398013,4.372449319481798,3.8020949607296077,4.626653532500694,3.8360003850717965,3.6394149269805403,3.188450751524965,7.099976745880184
3.8208450932564477,4.3261609741620175,2.1550381298756784,4.464776671662512,3.711360403888929,4.294120467048836,3.3364855839246457,6.886310908090972
4.249591962160736,4.127458878423274,3.006759971048717,3.675586510987085,4.192710596473468,4.1625062019013175,2.7546528823597014,6.958794563136371
4.008565866143905,3.661643252696263,6.222666399014326,4.457722096409452,3.87107261889407,3.9226935335231796,4.476223141615955,7.120705737263272
3.678252867932071,4.257762992139703,3.839558382631747,4.625813675165199,4.484944173446689,4.552997664888878,4.0379300678084205,6.798696261087899
3.808698591784968,4.592323729411367,1.740158072405017,4.300921849730246,4.020495617613413,4.2627794719536976,4.149980572918717,7.0672478498268125
4.6215392496117875,4.6006865011275,4.173341010086446,4.481732463028931,3.945608002352349,4.329867674482397,3.0889518258111446,7.7886203598979025
4.067504943308218,4.592001727930335,5.018732158011065,3.987025877557589,4.181247552530148,4.537757510026088,5.521314751738679,7.443198206065805
4.370666110832221,4.350500604467841,3.8970865220617124,4.324318135544509,3.653591914373896,3.963134505658334,2.5423910895586084,7.424561153351637
4.524100397291651,4.456253099258651,3.53284525027258,4.366293916358668,4.081053185059249,3.8032731623069758,3.094111453804163,7.464875535526849
4.036236158553065,4.15719300076456,1.9965645186182661,3.909806055769095,4.6323586133123085,3.6965336486431446,1.7758263973896737,6.482681722342092
3.6984761654619294,3.8437378317413438,4.79860772587928,4.034040066828656,4.570669638017687,4.206729167467237,0.4237206076195461,5.794710580122029
4.369000381623222,4.118621324600789,0.5814748682749036,4.392834639997838,4.087823059510576,4.632566614124632,1.7538513037767738,6.664823784023898
4.603083312237769,3.6751268217020434,4.254557630911919,4.174715885194334,3.743106786448625,4.046259263860699,2.9670453721017385,7.252230438862499
4.03269059836915,4.059733856127837,3.1499525784790063,3.8666134420976914,3.8933932815869308,3.876671173873736,2.7611372879158127,6.915919491792723
4.547683504488019,4.059119744309058,1.583683090992018,4.41029475421556,4.2200341059141735,3.6442362683110474,2.071140731308486,7.180410716441726
3.700560773013416,4.485838924233556,4.27720897274102,4.221398568275543,3.780973196226561,3.860691249826678,4.673601806086186,7.062773444297161
4.0583754201755715,4.2937227847022745,3.1974895432898305,3.7208490418937905,4.243398428756411,4.166060732697735,2.1867028718267103,6.9791628322537
4.475342407300792,3.9370668155566313,3.9679740431623496,3.6546383178810284,4.391913636465888,3.938383503615872,2.745441708523701,7.2485679928306705
4.180862548316924,3.7740624662980626,3.2343058487202847,4.507337947599142,3.946373894246524,4.015121954437907,3.2383062770995825,6.853860267436907
4.051138982079545,3.838691769265649,2.2785072968852496,4.629861407639315,4.527986443645931,4.051199965712178,2.162821417353302,6.495917467085904
4.0494161243077,4.07658358733671,4.140700752476646,3.9742989969947353,3.7019287571629316,4.401075064236975,5.17509948361522,7.285385807620255
4.448747427262651,3.75579037412852,7.075110383920223,3.692457354591784,4.190998498411043,3.6539085868309784,6.166033709268924,7.7460742962257605
4.30535877489281,3.9772221983360425,3.0683558099479686,3.7150532425743235,4.476112152508856,3.6938638069556293,4.314327372594402,7.2619877173889344
3.683068822030657,4.5853339232043995,3.269809487375879,4.488682936758411,4.166022665359881,3.6626151964982343,5.459186302846624,7.092333055477324
4.187333075949811,4.196876327071822,3.3012203662019175,3.8768564356286292,4.423542081486551,4.2812199434905756,1.712788707576034,6.826528060324584
3.6774840735549934,4.264029553305783,3.061406526946534,3.8945804115118947,3.649929346175304,4.2182118197647,2.770189038393793,6.659293869096259
4.261356040023182,3.9131792404485246,2.730951724628494,4.043873325695743,4.364200678934385,4.560078937954598,1.701231289316074,6.831037339924119
3.797933575976302,3.8678004292920924,3.929974649201097,4.222237745179017,4.090024652649282,4.333620968848264,3.7392512122779755,6.595942547777176
4.537509861368318,3.80372443955735,4.22160720191713,4.267164018859647,4.2352645900595824,4.563999947073549,3.276022983310495,7.3303622164558675
3.8724545965964268,3.7751368523012876,4.172939105985838,4.4229309171218905,4.271788912835737,4.341829934785633,3.1546557916036955,6.503197207657472
3.7729071404454366,4.335639025457716,4.058714007990277,3.687115269025823,4.440963724140615,4.078920506473701,4.476229663649235,7.08602241768749
4.335150400018845,3.84012746436446,2.3113035113357383,4.5305270622809015,4.545128926209776,4.265629814776674,3.91941444205304,7.047760445697655
4.072642777817205,4.074131063513286,1.192976089632313,3.7872102684097233,3.6842823902058917,3.956208861009673,2.466175575998681,6.569064178653187
4.394013120761782,4.174672050895078,3.1717698896873383,3.8504885416579513,4.424459956236811,3.948672241423188,1.4108216284216337,6.744965936954167
4.361337977823708,4.201952150642417,2.9637135416829525,3.676014486270956,3.689537633574728,4.058627080429986,2.1620738009751137,7.049040462721654
3.6374341036783986,4.322054842745729,2.143509781648252,3.966518139221286,4.575032841893277,4.2774207248990175,1.0857388569583897,6.0865401061101565
4.116631228898158,4.243914014652779,5.292447686490136,4.052397205642263,4.548516308174098,4.124200798653934,5.111906029919584,7.382439648450065
4.382642983285507,4.076975176198556,2.679265838593942,4.561271012319948,3.6671252960739475,4.107596768122887,1.874864177092638,6.972844028927297
3.684087037563486,4.266359114501629,3.261566940759634,4.113730194603319,4.1204327825009965,4.502913042689448,2.174085068783207,6.567280567552444
4.1141426968481944,3.7440121127642607,2.5021402812098335,4.632888549610267,4.263789032956112,4.549525900301457,2.6930611949395686,6.781833206069864
4.466044967865287,4.331008862909496,2.979132426691708,4.53995204599564,4.4373230795723995,4.241220438137822,4.008038979391857,7.513917399915926
4.151649006105435,4.191074772219856,7.036182139302096,4.229742169986932,3.9623652900916984,4.404752823108616,7.327030807379369,7.704888996069344
3.7397727396845473,4.248885778863838,2.2906362413269896,4.626867571807428,4.351426376034707,4.29881155764278,2.1404379358678614,6.33632178625022
4.198985495073469,3.8344615863287492,4.013842855371868,3.946631241730676,4.235447432629843,3.744208802747441,4.419482726483954,7.158447961532264
4.2004177732963015,4.0894683679364965,6.563094425096331,4.602694662920598,3.959958337476416,4.0237340210860095,5.816705713751324,7.604837526594479
3.970294493448121,3.8059929853238805,2.061891749723882,4.537523820983425,4.103387859104329,3.857928232774721,4.885230383885288,6.970020243753603
4.556364740097189,4.2043891345382125,4.3285828083767806,3.8211771616960806,4.137043844213068,3.6951614095766447,5.9742246794220035,8.03195662856926
4.134754528159797,4.512148625324054,5.235023095842714,4.077887300308271,3.777419835548725,4.419109490802664,0.1719451810622803,6.058246136798644
4.01284297579761,4.295680309685679,4.115010848766043,4.032823269436906,4.384355417569255,3.7556901176990864,4.396733873305287,7.2978073141706865
4.101991170538824,4.069694526483653,1.794744133626085,4.272979384143101,4.536926549099788,3.9440760652384736,4.186733064704354,7.113898774779887
4.627670728129935,3.6396397472500435,5.2420390697220585,4.110931211794579,4.373789686157914,4.463507030726299,2.0078804081759074,7.165230155432522
4.468681967458415,3.7901979640303254,4.055317317455736,4.47864799060159,4.343726064454726,3.997814362489647,2.7108337857002005,7.26308547804651
4.540643562013304,4.00435214350642,4.166380837843312,4.218971453514137,4.4971708846630785,3.7370907059631446,4.431799229589933,7.576479349265442
4.528179451087402,4.376944798827486,3.089773622617465,4.5987104052389824,4.387741030342856,3.7446532158022845,4.7459523035314755,7.609701935012982
3.7834279140734868,3.643629860765756,2.586098765664982,4.263814458984156,4.338416325269987,4.144229041741912,1.3177044883881517,5.855529270890977
4.539304960656306,4.632294216537292,3.40559798097768,3.7709435883747306,3.7592552870660207,3.829327554714918,2.0823990991283723,7.510548212389164
4.590150279271921,4.265623647745504,6.012625155366214,4.199726064797461,4.61282306349241,3.7874244237847052,4.729279199392904,7.874491685204105
3.940637044046843,4.30688015381766,4.025485407808939,3.8584999162331477,4.619097664007064,3.8015056625954275,5.61221470821346,7.117604367454907
4.433706776512391,4.159418269198783,7.185136922882911,4.1229116181263175,4.27746691807719,3.7209850878886335,5.683546638912592,7.807277754241275
4.577582110625501,3.63304734165288,4.251711218329515,4.496562949848484,4.351963973340171,4.239678364501414,2.8461655926775573,7.118029499074719
3.864426758397087,4.054954955887982,2.8472991361574134,4.134444927642619,4.516888069507014,3.7548167136496944,3.480595508831437,6.751131706813278
3.880575312162683,4.536480260963144,3.289566246729271,3.917412400365825,4.133003883986913,4.459114071395643,3.8762972353054446,6.942156160426618
4.555840904952774,4.0751005029031395,6.517216519822961,4.529156375623532,3.9772993258671043,4.344370596426355,3.929152869100707,7.896326384934998
4.2259496594873465,4.189357995723642,5.922794237216452,4.257700209828753,4.3109184932858176,4.031013987864286,1.582493533600128,7.0410540725611055
3.9961055318775878,4.332092933023515,3.6863457220441265,3.7233048951267382,4.437019477709977,3.804700675990529,3.027454666000859,7.023788877928509
3.877193272287298,4.627024972037674,2.7144200167808368,4.2175986685287326,3.7901514075360025,3.8404628160801466,2.2634057237078786,6.943735357530809
4.316634937722994,4.491471962894352,3.88856745732165,3.982176827003909,4.437501580897374,4.5210066728461555,4.379184837428755,7.302765807001451
4.405765018777762,4.44761628170066,4.998897657007728,3.6916932017277335,4.506683793475304,4.37774877511623,5.3085541331928585,7.810153210482284
4.122120750660987,4.549898643053162,4.023867653789926,3.865063576180812,4.27869063063754,4.4326047920452725,4.0627045749683175,7.290757152206335
4.432105789818931,4.561615913555016,4.299688607452493,4.275865264807716,4.362471325910803,4.331514000735878,2.5566245367637284,7.704941249841204
4.068100422807475,4.325850550852918,6.069646918123942,4.314822177133352,4.596854789690852,4.5539675714377434,4.565106450290755,7.417299192470963
3.760643961150324,4.5124261494561715,2.865582525423542,3.934304970942661,4.316600595345137,3.889295326581578,4.897621966994113,7.010252393492318
4.300010285186639,4.381626568162644,2.5397401171291323,3.676877287344578,4.316234169188181,4.419650952544434,4.682365322034809,7.456704521656956
3.95677594555414,3.7922083469764263,4.050107484361308,4.340687512058498,4.272492733299868,3.8875668655808644,2.974627726435639,6.6716456940397455
3.9578321775295078,3.951008338122118,4.699464749582003,4.220874986619662,4.317382098408209,4.109646463162494,3.7560610762004463,6.872282146866889
4.489895811744561,4.587735744905267,3.1247463296143847,4.585896008334297,3.7522558132685724,3.7879523896255938,2.5920544277820645,7.565657464002529
4.610711399063232,3.7956046237801,3.2020648853764673,3.7319019097228043,3.761836980846804,4.31631231241858,5.70199244730215,7.515535736080071
4.10543243097081,3.744152581512504,2.623959332899858,3.943871930514344,4.5324428914158545,3.9418881335519522,4.477550185150067,6.916462945696461
4.577690275188754,4.336393040631637,0.7391173949013723,3.655264252665877,3.7184180804212876,3.9988755550111117,0.0543,5.383701611808437
3.7305671554925968,4.253848490829588,4.132015086215527,4.587901287309599,3.8647162419997265,3.7426522873516985,4.3644870928446045,6.666442709602321
4.206006932211423,3.9867919062212755,4.798985821851117,4.0797849061033755,4.185476176767866,3.716239510033659,4.695372139433465,7.222004061498658
4.438698266582534,4.52891103752015,2.649706416505416,4.338747140277938,4.435029215880933,4.310170088019278,1.521831860509935,7.163118255862594
3.801981271888942,4.183007497751533,3.960768560568835,4.393009960799714,4.334186386780157,3.921878491691245,3.3416424682045567,6.846127387876128
3.910286878069329,4.226555205386633,5.489733355143597,4.3247204238328525,3.8418105126960413,4.085112305047227,4.831478668738118,6.967299475472604
3.757974608237775,3.759403573427821,1.8979872317285036,3.99736171695141,3.6480950519810924,4.566566151338936,2.146552274400993,6.3090087118159675
3.8714454357790644,4.591092052344293,1.7720512046823318,4.575804241685081,4.32502595925437,3.784071598600079,2.9027643513010415,6.825230214825448
4.496484924062028,3.836572847351668,4.0424727733270975,4.545072485461582,4.05249594027203,4.08105452819391,5.01818116059291,7.482276130946277
4.270569146061653,4.111491128703763,4.101817805687921,4.25965486096851,4.521024982859524,4.0574062642870805,4.81417080710929,7.386280814419851
4.51664175884134,4.3701204132893,3.706181681802621,4.156546878081958,3.8770154150253364,4.168238705471232,5.169234011879624,7.9351183414179145
4.458097033064369,4.548711964077034,6.479041424478955,4.3258629521284,4.500490993584833,4.065336446614332,5.609871854443719,7.880066182866448
3.977214900645865,4.246842743019206,2.2769978175889314,4.3676086319303575,3.838435007564343,3.9868170218653587,1.3674791091221974,6.531114292408667
3.9021502123048593,3.698871914466737,3.809211131303242,4.015415061869698,3.9582758880692044,3.914524420632018,2.2365512436186408,6.406709350058942
3.806507012077747,3.7425569295661325,3.703626787049322,3.977445127064909,4.560654386620923,4.053808913018231,2.8653369795039576,6.560213278947001
4.294066699880107,3.668853487635031,4.363536947749811,4.590423460509845,4.225516086818336,3.6752356540157933,2.717621586932706,6.9560158414421185
4.557131373465674,4.47554275055029,5.030737626087446,4.138482343704499,4.56550984391704,4.428935068646716,3.4581189018793315,7.877113101395611
4.11296562797009,3.9520240630031673,2.8189825186011013,3.6841993450838983,4.292011886922824,3.922092636809085,2.3707172208546274,6.831037006610758
4.471401665223478,4.076902226362088,5.541241815158909,3.974035935270534,3.7505864097636894,3.844509035699473,2.6843584632574546,7.268604456892946
4.611699916574462,4.064411518646587,3.432784333833609,3.6881930932081533,4.531184895863075,4.381199706989769,2.656626853925895,7.314965994639168
4.577616675085947,4.180453384045819,3.2223045674782336,3.855700477336416,4.517834668695532,3.9734018522378554,3.3312738858468056,7.467346382103109
4.094554516663023,4.45556836039046,3.569992310496687,4.091095086488915,4.079358748693542,3.73752367579455,3.8114613021145636,7.631099076426583
4.066457895853487,3.8256212688850404,4.345406741239105,4.386384782801019,3.8931746159791314,4.397929797898256,4.063731661481314,6.9420251774914705
3.8053103082076762,3.7233239415704054,2.8403561863042226,4.124267103950444,3.897432537936979,4.151458010334313,3.6609357137127714,6.498655968584612
4.5195801941023195,4.055010238964185,4.7663229621565115,4.072753411114997,4.128910192270811,3.6416899893233237,2.8609075430516913,7.494207669983629
4.318801497698519,4.2156161664249305,2.0984265573443035,3.933031709641974,4.405015499166346,4.604641988670517,2.489071898053196,6.98012964464783
4.3547253561339145,4.30005122422917,4.36306033647009,4.395345268022243,4.127642033103936,3.8338766120968066,5.395164318963886,7.76859830729935
4.470547056443874,3.8108316771030686,3.6627821960030276,4.560020033302593,4.1787897614619816,4.128581852217682,3.904742428030772,7.179733101869189
4.051105744720301,4.304720007701649,4.248040539453031,3.9820560777052436,3.7787370678660195,4.381026924856466,5.678069074964849,7.316492679510907
3.7773456312451787,3.953033462868015,2.008865734757243,4.288107482297451,4.212149974660339,4.627711989611816,2.6966244003750615,6.484817734735489
4.552272889431571,4.47123102819824,3.9582526961427043,3.711113383583221,3.6479423917312124,4.322731154233846,1.559432775052775,7.449767582878154
3.841207989267097,3.774510364518951,4.171070298439496,4.600601486146189,4.2250100104354305,3.98480055594541,4.222306505533956,7.041962129545104
3.7232025903911534,4.41725446636759,4.26848480621988,4.223570207165164,4.019647142631206,4.423443768622737,4.636986415847557,7.006523332669388
4.511430646114617,4.447818678070227,4.436033734651165,3.715459655481054,3.756843131568981,3.9364222591180136,3.2717354994033188,7.667453300894071
4.472081233089783,4.347756695808368,3.756718010308614,4.06133946132696,4.289961579632196,3.9727808272591822,3.7825891164533494,7.56894833849394
4.004374380563128,4.161880288235543,2.528979871211925,4.2357903870692715,3.720522791485815,4.332220141763421,5.778780606812625,7.014181108572069
3.7581729361152276,4.1832549641818115,3.6726617824640244,4.498016032279931,4.588849764874612,4.1302092947329125,4.946999344658691,6.854498082604773
3.9716510944452446,4.595609043628467,2.9103782698957277,4.239899114209847,3.71802397239247,4.5363096452055816,4.213493933197968,7.381088524406848
4.010899552416278,4.564127051188413,3.7903567088933494,4.204899393161675,4.420099372522941,4.124232562433451,7.997292667523519,7.533409675344283
